sample_id,text,expected_intent,intent,retrieval_similarity,correctness,groundedness,helpfulness,tone,hallucination_free,overall,failure_mode,generated_reply,judge_reason
106,That moment when you wonder if you should be tweeting to @SpotifyCares or @comcastcares because not a single song has played without interruption... 😩,PLAYBACK_ISSUE,FEATURE_REQUEST,0.2032552590786422,1.0,1.0,1.0,4.0,5.0,1.0,Wrong intent prediction,"Sorry to hear you're having trouble with interruptions. To help us understand what's happening, could you tell us a bit more about what you're experiencing? For example, are you streaming over Wi-Fi or mobile data?","The predicted intent is 'FEATURE_REQUEST', but the customer message clearly indicates a problem with music playback ('not a single song has played without interruption'). The generated reply correctly identifies a problem but does not align with the predicted intent. The historical evidence does not support the generated reply's approach, as it focuses on specific troubleshooting steps or asking for account details, not general questions about connection type. The reply is not helpful because it doesn't address the actual problem implied by the customer's message (interrupted playback) in a way that leads to a solution, nor does it align with the predicted intent. The tone is acceptable, and there are no hallucinations."
105,@SpotifyCares Not sure to be honest. No other issues with Spotify though at all.,GENERAL_OTHER,APP_TECHNICAL_ISSUE,0.2484487652232205,1.0,1.0,1.0,4.0,5.0,1.0,Wrong intent prediction,"Thanks for letting us know! To help us understand what's happening, could you tell us more about the issue you're experiencing?","The customer's message states 'No other issues with Spotify though at all.' The predicted intent is 'APP_TECHNICAL_ISSUE'. The generated reply asks for more information about an issue the customer explicitly states they are NOT having. This makes the reply completely incorrect and unhelpful. The tone is good, but the content is entirely misaligned with the customer's statement."
114,@SpotifyCares is there any Siri integration with Spotify?,FEATURE_REQUEST,GENERAL_OTHER,0.3786915440595148,1.0,2.0,1.0,3.0,4.0,1.0,Wrong intent prediction,We hear you! We'll pass your feedback on to the right team.,"The customer is asking a direct question about Siri integration. The generated reply completely avoids answering the question and instead treats it as feedback. While the phrase 'We hear you! We'll pass your feedback on to the right team' is present in the historical evidence, it's used in a context where the customer is *demanding* an integration, not *asking if one exists*. The reply is not helpful because it doesn't answer the customer's question at all. It's a generic response that doesn't fit the query."
134,@SpotifyCares I’ve sent you a message and you’re not still responding,GENERAL_OTHER,GENERAL_OTHER,0.476736197161478,1.0,1.0,1.0,4.0,1.0,1.0,Poor overall reply quality,We've just replied to your DM. We'll carry on chatting there.,"The generated reply states 'We've just replied to your DM.' However, there is no evidence in the customer message or historical data that a DM has actually been sent by Spotify. The customer's message indicates they sent a message and are awaiting a response, not that they have received one. This makes the reply incorrect, ungrounded, unhelpful, and a hallucination."
6,"@SpotifyCares if I purchase the discounted annual premium subscription (12 months for price of 10), does the month I am already on with my monthly premium subscription finish first before it kicks in or does it just start straight away?",PREMIUM_SUBSCRIPTION,PREMIUM_SUBSCRIPTION,0.2413032719984219,2.0,3.0,2.0,4.0,5.0,2.0,Poor overall reply quality,"Hey there, help's here! Could you DM us your account's email address and username? We'll take a look backstage.","The customer is asking a specific question about how a subscription change would be handled. The generated reply asks for account details, which is a generic response seen in the historical evidence for various issues. While asking for details isn't incorrect, it doesn't directly address the customer's question about the timing of the new subscription. The historical evidence shows similar requests for DMs but doesn't provide an example where this specific question was answered by asking for a DM. Therefore, it's not very helpful in directly answering the customer's query, and the correctness is low because it doesn't attempt to answer the core question."
75,"@115888 Hey! I can't sign in with my username and password with my TouchTunes @90737 new account. My Samsung mobile account needs updating, too! @125607 I CHANGED my name legally this year. Problems tonight as I am out TRYING to have a good time!",ACCOUNT_LOGIN_SECURITY,ACCOUNT_LOGIN_SECURITY,0.2462122100031692,2.0,3.0,3.0,4.0,4.0,2.0,Poor overall reply quality,Hi there! We'd be happy to help you get back into your account. We've sent you a DM so we can get some more information.,"The reply correctly identifies the login issue but fails to address the other critical points in the customer's message, such as the TouchTunes account, Samsung mobile account update, and legal name change. The historical evidence supports the idea of sending a DM for login issues, but the reply doesn't acknowledge the complexity of the customer's situation. The tone is good, but the overall helpfulness is limited due to the incomplete response."
80,@115888 Where the hell are my buttons to access library and so on? #UIDisaster On th verge of switching if you don’t stop messing with the UI. https://t.co/NfDF1SH5pK,APP_TECHNICAL_ISSUE,FEATURE_REQUEST,0.2600229912042578,2.0,1.0,2.0,4.0,3.0,2.0,Wrong intent prediction,We understand that changes to the user interface can be frustrating. Could you please provide more details about what you're seeing and what device you're using? This will help us understand the issue better.,"The reply attempts to address the customer's frustration but misinterprets the core issue. The customer is complaining about a UI change that has removed buttons, not a content availability issue. The predicted intent 'FEATURE_REQUEST' is also incorrect; it's a complaint about a UI change. The historical evidence is about content availability, which is not relevant to the customer's current problem. The reply asks for more details, which is a reasonable next step given the lack of specific information in the historical data, but it doesn't acknowledge the specific nature of the complaint (missing UI elements). It's not entirely incorrect, but it's poorly targeted because it doesn't directly address the 'where are my buttons' part of the complaint, instead focusing on 'changes to the user interface' generally. It's not grounded in the provided historical evidence as that evidence is irrelevant to a UI complaint. It's somewhat helpful by asking for more information, but it could be more specific by acknowledging the UI element issue. The tone is good. It's not hallucinating policies, but it's also not providing any specific solution or information relevant to UI changes."
151,@115888 did you know people move. And need to change their address to share family access to premium? Why can't I do that online? KTHXBYE,FAMILY_STUDENT_PLANS,FAMILY_STUDENT_PLANS,0.2748488053605136,2.0,1.0,2.0,4.0,1.0,2.0,Poor overall reply quality,"We understand you'd like to update your address for your Family Premium plan. While this can't be done directly online, we can help. Please DM us with your username and email address so we can look into this for you.","The reply assumes that the customer has a Family Premium plan, which is not explicitly stated in the customer's message. The customer only mentions 'family access to premium'. The reply also states 'While this can't be done directly online, we can help. Please DM us with your username and email address so we can look into this for you.' This action is not supported by the provided historical evidence. The historical evidence shows a similar request for changing an email address, where the support agent asks for a DM, but not for changing a family plan address. Therefore, the reply is largely ungrounded and makes an unsupported claim about being able to help with the address change via DM."
73,"@SpotifyCares Yep. All that I tried. Even uninstalled, restarted. Removed all data by hand. Installed again. The default settings was set to SD card, but all music ended on the internal storage.",DOWNLOAD_OFFLINE,GENERAL_OTHER,0.3298623141527975,2.0,3.0,2.0,4.0,5.0,2.0,Wrong intent prediction,Thanks for letting us know what you've tried. Can you tell us what Android and Spotify versions you're using? We'll see what we can suggest.,"The customer explicitly states 'All that I tried. Even uninstalled, restarted. Removed all data by hand. Installed again.' The generated reply asks for information that is already implied to be irrelevant given the customer's extensive troubleshooting. While the question about Android and Spotify versions is grounded in historical evidence, it's not helpful in this specific context because the customer has already performed actions that would typically resolve version-related issues or indicate a deeper problem. The reply fails to acknowledge the customer's detailed efforts, making it seem like a generic response rather than one tailored to the provided information. It's not incorrect, but it's poorly targeted given the customer's message."
123,@SpotifyCares Ok thanks! I voted to please build an app for it! I may have to switch to Apple music otherwise so I can run with playlists,FEATURE_REQUEST,FEATURE_REQUEST,0.3378080186127575,3.0,3.0,2.0,4.0,5.0,2.0,Poor overall reply quality,Thanks for letting us know! We appreciate you taking the time to vote for this idea.,"The reply acknowledges the customer's action but doesn't provide any further information or a link to where they voted, which would be more helpful. The historical evidence shows Spotify often provides a link to the idea. While it's not incorrect, it's not as helpful as it could be given the context of the customer's message about potentially switching to Apple Music."
40,P.Y.S.T. (Pretty Young Stranger Things)\nThe Moonwalking Dead\nBoJack Horseman in the Mirror\n#MichaelJacksonTVandMovies,GENERAL_OTHER,GENERAL_OTHER,0.4332402248550543,2.0,3.0,2.0,4.0,5.0,2.0,Poor overall reply quality,Hey there! The Stranger Things Mode is a partnership with Netflix to promote the latest season of Stranger Things. It changes the look of your app when playing Stranger Things playlists curated by Spotify.,"The customer message lists several titles and a hashtag, implying they are looking for content related to these. The predicted intent is GENERAL_OTHER, which is broad. The generated reply focuses solely on 'Stranger Things Mode' based on the historical evidence. While the information about Stranger Things Mode is correct, it's not clear if this is what the customer is asking about, as their message includes other titles like 'The Moonwalking Dead' and 'BoJack Horseman in the Mirror'. The reply is therefore only partially relevant to the customer's message, making it less helpful and only partially correct. It doesn't address the other elements of the customer's message at all."
13,@SpotifyCares why did my account downgrade after two days of premium service,PREMIUM_SUBSCRIPTION,PREMIUM_SUBSCRIPTION,0.2454370662145373,3.0,5.0,3.0,5.0,5.0,3.0,Weak historical retrieval,"Hi there, we're sorry to hear about this! Can you please DM us your account's username and email address? We'll take a look.","The reply correctly identifies the need for more information to address the customer's issue, which is a common practice in the historical evidence. The tone is appropriate. However, it's only moderately helpful as it doesn't offer any immediate troubleshooting or explanation for why this might happen, simply asking for DMs. While this is a necessary first step, it could be more comprehensive if possible."
233,@SpotifyCares yo just got the advert for a years Spotify for £99. Can’t find out how to do it though? Send me a link x,PREMIUM_SUBSCRIPTION,PREMIUM_SUBSCRIPTION,0.2549269515203347,3.0,3.0,3.0,4.0,5.0,3.0,Other,Hey! We'd be happy to help. Can you tell us more about where you saw this offer?,"The reply is partially correct as it acknowledges the customer's request for help. However, it doesn't directly address the core issue of finding the offer link. It's moderately helpful by asking for more information, which is a reasonable next step given the lack of specific details in the customer's message. The tone is good. It's grounded in the sense that it's a common support interaction to ask for more details, but it doesn't directly use any of the provided historical evidence to formulate the response. There are no hallucinations."
129,@SpotifyCares I did. There's a plethora of users having problems with you app in Windows 10 Phone. Check the comments. Thanks you.,APP_TECHNICAL_ISSUE,GENERAL_OTHER,0.2694165441992103,3.0,3.0,3.0,4.0,5.0,3.0,Wrong intent prediction,Thanks for reaching out. We're sorry to hear you're having trouble with the app on your Windows 10 Phone. Could you please send us a DM with more details about the issues you're experiencing?,"The reply correctly identifies the customer's issue (problems with the app on Windows 10 Phone) and expresses empathy. However, the customer's message implies they have already tried to communicate the issue ('I did. There's a plethora of users having problems... Check the comments.'). The reply asks for a DM with more details, which might be a repetitive step for the customer, making it less helpful than it could be. The historical evidence shows replies asking for DMs, but in contexts where the initial message was less specific about prior attempts to communicate. The tone is good, and there are no hallucinations."
12,@SpotifyCares Any idea why your Android app occasionally wipes out every download? Now redownloading about 1600 songs. Not the first time.,DOWNLOAD_OFFLINE,DOWNLOAD_OFFLINE,0.2741894844146877,3.0,2.0,3.0,4.0,4.0,3.0,Weak grounding,We're sorry to hear your downloads have disappeared. That's definitely not the experience we want you to have. Could you tell us what version of the Android app you're currently using?,"The reply correctly identifies the problem and expresses empathy. However, it lacks specific solutions or troubleshooting steps, which would make it more helpful. It asks for more information, which is a reasonable next step, but it's not directly supported by the provided historical evidence as a common first step for this specific issue. The tone is good, and it doesn't hallucinate any information."
111,@SpotifyCares Apparently there is no contact form anymore. How do i get my issues fixed!,GENERAL_OTHER,GENERAL_OTHER,0.2832517211723886,3.0,3.0,3.0,4.0,5.0,3.0,Other,We're here to help! Please send us a DM with more details about the issues you're experiencing.,"The customer explicitly states 'Apparently there is no contact form anymore. How do i get my issues fixed!'. The generated reply asks the customer to DM them, which is a valid way to get support, but it doesn't directly address the customer's concern about the lack of a contact form. It's a generic response that doesn't fully acknowledge the customer's specific complaint. While asking for a DM is a next step, it doesn't explain *why* there's no contact form or offer an alternative that directly addresses the customer's stated problem. The historical evidence shows Spotify often directs users to DMs or external links for support, so the 'DM us' part is grounded, but the reply doesn't acknowledge the 'no contact form' part of the customer's message."
206,@115888 sooo if i already had the student discount last year can i still get hulu?,FAMILY_STUDENT_PLANS,FAMILY_STUDENT_PLANS,0.3409325822353857,2.0,5.0,3.0,5.0,5.0,3.0,Other,Hey there! Could you please DM us your account's email address? We'll take a look.,"The reply is grounded in the historical evidence, as similar replies ask for the customer's email address to investigate. The tone is professional and concise. However, it's only partially correct and helpful because it doesn't directly address the customer's question about getting Hulu with a renewed student discount. It defers the answer to a private conversation without giving any initial guidance or context, which makes it less helpful than it could be. It doesn't make any false claims or invent information, so it scores well on hallucination_free."
67,"@115888 why can't you do this for metal, metal-core, hardcore, ect???? https://t.co/4HMjznIFNg",FEATURE_REQUEST,FEATURE_REQUEST,0.4228249685258445,3.0,3.0,3.0,4.0,5.0,3.0,Other,"We appreciate your feedback! We're always working to improve the Spotify experience. If you have specific suggestions for new features or content, we recommend sharing them in our Community.","The reply correctly identifies the message as a feature request and suggests using the Community, which is a common Spotify practice for such requests. However, it's generic and doesn't directly address the customer's specific genre request. The historical evidence doesn't provide a direct answer to this specific query, so the reply is a reasonable, albeit generic, response for a feature request."
87,@115888 @SpotifyCares please fix your artist.spotify contact page.,APP_TECHNICAL_ISSUE,GENERAL_OTHER,0.4816563004643345,3.0,5.0,3.0,5.0,5.0,3.0,Wrong intent prediction,Hey there! We'd love to help. Can you let us know what's happening exactly?,"The generated reply is directly taken from a historical Spotify reply to a similar, but not identical, customer message. While it's a good general response for asking for more information, the customer's message is quite specific about 'artist.spotify contact page'. The reply doesn't acknowledge this specificity, making it less helpful than it could be. It's correct in that it's asking for more information, but it misses the opportunity to directly address the 'contact page' aspect. The tone is excellent, and it's fully grounded in the provided evidence without hallucination."
90,"@115888 I'd like to get the premium version but here Is the case I don't have a credit card but I've enough fund in my Google play Store. Please I want find out if I can pay via Google play Store, BTC or iTunes gift card. Please waiting for your response. Thanks Gerd!!!",PAYMENT_BILLING,PAYMENT_BILLING,0.4918445175528884,3.0,3.0,3.0,4.0,4.0,3.0,Other,We've sent you a DM to help with your payment options.,"The reply is partially correct as it addresses the payment options, but it doesn't directly answer the customer's specific questions about Google Play Store, BTC, or iTunes gift cards. It's somewhat grounded by the first historical evidence where a DM was sent for payment, but it doesn't confirm if those specific payment methods are supported. It's moderately helpful as it offers a next step (DM) but lacks specificity. The tone is good. It's mostly hallucination-free, as it doesn't invent policies, but it also doesn't confirm or deny the customer's proposed payment methods."
57,"@SpotifyCares i changed my Facebook profile picture back in may and although it has updated on your website, it has not on my app, both on laptop and phone",APP_TECHNICAL_ISSUE,APP_TECHNICAL_ISSUE,0.2278403727090571,4.0,4.0,4.0,5.0,5.0,4.0,Weak historical retrieval,Hey! We'd be happy to help. Can you send us a DM with your account's email address?,"The reply correctly identifies the need for more information to address the customer's specific issue. It's grounded in the historical evidence where Spotify often asks for DMs or account details to resolve issues. The tone is professional and helpful. While it doesn't directly solve the problem, it provides a clear next step, which is appropriate given the nature of the technical issue. It's not a perfect 5 because it doesn't offer any immediate troubleshooting steps, but asking for a DM is a standard and often necessary first step for account-specific problems."
133,"@117153 Good evening, folks changed my premium plan for family plan. My wife received an invitation but nothing happens.",FAMILY_STUDENT_PLANS,FAMILY_STUDENT_PLANS,0.2420079743387354,5.0,5.0,4.0,5.0,5.0,4.0,Weak historical retrieval,Hi there! Can you send us a DM with your account's email address? We'll take a look.,"The reply correctly identifies that more information is needed to address the customer's issue, which is consistent with the historical evidence where Spotify often asks for account details to investigate. It's helpful in that it provides a clear next step, but could be slightly more specific about what 'take a look' entails, though this is a minor point. The tone is professional and concise, and there are no hallucinations."
147,Hi @SpotifyCares My wife’s account appears to have stopped working. She can’t log in at all. Can you advise how we can check it’s active?,ACCOUNT_LOGIN_SECURITY,ACCOUNT_LOGIN_SECURITY,0.2777099142561204,5.0,5.0,4.0,5.0,5.0,4.0,Other,Hi there! We can help. Could you please send us a DM with the email address or username associated with your wife's account? We'll take a look.,"The reply correctly identifies the need for account details to investigate the login issue. It is fully grounded in the historical evidence, which shows Spotify support asking for email/username via DM for login problems. The tone is professional and helpful. It's slightly less helpful than a 5 because it doesn't explicitly state *why* they need the information (to look 'backstage' as in the historical example), but it's still a good first step."
36,"@SpotifyCares I archive my Discover Weekly using the IFTTT applet, but it failed last week now I've lost what had become my new favourite song and can't remember it! Is it possible to restore my previous week's playlist?  Thks!",PLAYLIST_LIBRARY,FEATURE_REQUEST,0.2784701399664713,5.0,5.0,4.0,5.0,5.0,4.0,Wrong intent prediction,"We're sorry to hear you lost a favorite song! Unfortunately, we're unable to restore previous Discover Weekly playlists. We recommend saving your favorite tracks as you go so you don't miss out.","The reply correctly addresses the customer's issue by stating that previous Discover Weekly playlists cannot be restored, which is directly supported by the historical evidence. It also offers a helpful suggestion to save favorite tracks. The tone is empathetic and professional. It is fully grounded in the provided information and contains no hallucinations. It could be slightly more helpful by acknowledging the IFTTT applet issue, but the core answer is solid."
38,"You already have this functionality on podcasts. Why not do it for albums, @115888?! Seriously, not that hard to ad a sort. #UX #Design https://t.co/uHMOmnCRgb",FEATURE_REQUEST,FEATURE_REQUEST,0.2858075659200661,4.0,5.0,3.0,4.0,5.0,4.0,Other,"Thanks for sharing your feedback! We're always looking for ways to improve the app, and we'll be sure to pass your comments on to our developers.","The reply correctly identifies the customer's message as feedback and states it will be passed to developers, which is consistent with historical responses to feature requests. It is grounded in the provided evidence, particularly the second and third historical examples. However, it's only moderately helpful as it's a generic response without any specific next steps or acknowledgment of the specific feature request (sorting albums). The tone is professional and appropriate for customer support. There are no hallucinations."
24,@SpotifyCares App isn’t working. Doesn’t matter if I’m on data or WiFi. Restarted my phone and updated. What’s going on?,APP_TECHNICAL_ISSUE,APP_TECHNICAL_ISSUE,0.2919168686371538,3.0,5.0,4.0,5.0,5.0,4.0,Other,Could you send us a DM with your account's email address or username? We'll take a look.,"The reply correctly identifies the need for more information to address the technical issue. It is fully grounded in the historical evidence, which shows Spotify often asks for account details to investigate. The reply is helpful as it provides a clear next step for the customer. The tone is professional and concise. There are no hallucinations. While it doesn't solve the problem directly, it's a necessary first step given the information provided."
23,@568872 @SpotifyCares Gummo still mf deleted https://t.co/rrqIDjrzNr,MUSIC_CONTENT_AVAILABILITY,GENERAL_OTHER,0.3464385999700045,5.0,5.0,4.0,5.0,5.0,4.0,Wrong intent prediction,"Hi! Sometimes content gets temporarily removed because of licensing changes. Hopefully, we'll have it available again soon.","The reply directly addresses the customer's issue about the deleted song 'Gummo' by providing a common reason for content removal (licensing changes) and expressing hope for its return. This is fully supported by the historical evidence, specifically the first example provided. The tone is professional and empathetic. It's helpful in explaining the situation, though it doesn't offer an immediate solution, which is often the case with licensing issues."
33,If only @115888 had every @46723 and @46724 remix I would such a happy girl,MUSIC_CONTENT_AVAILABILITY,FEATURE_REQUEST,0.4255351819541135,5.0,5.0,4.0,5.0,5.0,4.0,Wrong intent prediction,"We can't make any promises, but we'll let the right folks know this is something you'd like to see. Let us know if you need us again.","The reply correctly identifies the customer's message as a feature request and responds appropriately by stating that the feedback will be passed on. This is directly supported by the historical evidence, particularly the first example. The tone is professional and empathetic. It's helpful in acknowledging the request, but could be slightly more specific if there were a way to track such requests, though the evidence doesn't suggest that."
130,@SpotifyCares hellow I need some help with this i cant connect with the facebook app https://t.co/gzAygdZrEV,ACCOUNT_LOGIN_SECURITY,GENERAL_OTHER,0.4324074534436054,4.0,5.0,4.0,5.0,5.0,4.0,Wrong intent prediction,Hey there! We'd be glad to help. Can you tell us more about what's happening when you try to connect with the Facebook app?,"The reply correctly identifies the need for more information, which is a common and appropriate first step in customer support when the initial message is vague. It is fully grounded in the historical evidence, which shows Spotify often asks for more details when a customer says 'I need some help'. The tone is professional and empathetic. It's helpful in that it provides a clear next step, though it could be slightly more specific if it offered potential reasons for the connection issue, but given the limited information, asking for clarification is the best approach."
110,@SpotifyCares Listening to Spotify thru my web browser cuz I’m at work. It booted me out and won’t let me log back in. 😩,ACCOUNT_LOGIN_SECURITY,APP_TECHNICAL_ISSUE,0.450538068090805,4.0,5.0,4.0,5.0,5.0,4.0,Wrong intent prediction,Hey there! We can help. Could you please DM us your account's email address or username? We'll take a look.,"The generated reply correctly identifies the need for account information to address the login issue, which is consistent with historical Spotify support. It's grounded in the evidence, helpful by asking for necessary details, and maintains a professional tone. It could be slightly more specific about 'taking a look' but is otherwise good."
118,why The suburbs by @10789 is not available in @115888 :( ?,MUSIC_CONTENT_AVAILABILITY,MUSIC_CONTENT_AVAILABILITY,0.4868123942934143,4.0,5.0,3.0,4.0,5.0,4.0,Other,"We'd love to have all music available, but content varies. You can find more info about content here: https://t.co/0i8GpimuDa","The reply is mostly correct and fully grounded in the historical evidence. It provides a link for more information, which is helpful, but it doesn't directly address the customer's specific query about 'The Suburbs' by @10789. The tone is professional and concise. It avoids any hallucinations."
220,"@SpotifyCares Hello! I am trying to connect my Spotify with Hulu, but Hulu is saying that they are having trouble authorizing my account.",FAMILY_STUDENT_PLANS,FAMILY_STUDENT_PLANS,0.5025163242091766,3.0,5.0,4.0,5.0,5.0,4.0,Other,Hey there! We're sorry to hear you're having trouble connecting your Spotify with Hulu. Can you please send us a DM with your account's email address or username? We'll take a look.,"The predicted intent 'FAMILY_STUDENT_PLANS' is not reflected in the generated reply, which is a minor omission. However, the reply correctly identifies the issue and provides a relevant next step, which is consistent with the historical evidence. The tone is professional and empathetic. The reply is fully grounded in the provided evidence and does not contain any hallucinations."
109,Wait so when can we listen to #Reputation on @115888 ?? @118062,MUSIC_CONTENT_AVAILABILITY,MUSIC_CONTENT_AVAILABILITY,0.5205007653631956,5.0,5.0,3.0,4.0,5.0,4.0,Other,We’ll have it available to you as soon as it’s available to us!,"The reply directly addresses the customer's question about when 'Reputation' will be available, using a phrase identical to historical Spotify replies for similar inquiries. It is correct and grounded in the provided evidence. While it doesn't give a specific date, which might be impossible, it provides the standard Spotify response. The tone is professional and concise. It is moderately helpful as it answers the 'when' question with the available information, but could be more specific if that information were available."
107,@SpotifyCares when is yelawolf new album available on @116130,MUSIC_CONTENT_AVAILABILITY,MUSIC_CONTENT_AVAILABILITY,0.5425688914624657,5.0,5.0,4.0,5.0,5.0,4.0,Other,Hi there! We'll have it available to you as soon as it's available to us.,"The reply directly addresses the customer's question about album availability. It is fully grounded in the historical evidence, specifically the second example provided. The tone is professional and empathetic. While it doesn't provide a specific date, which is likely impossible, it gives a clear and honest answer. It could be slightly more helpful by perhaps linking to a page about how music becomes available on Spotify, but given the evidence, the current reply is strong."
213,@115888 How can i avail this 9 PESOS premium??,PREMIUM_SUBSCRIPTION,PREMIUM_SUBSCRIPTION,0.6098179771194315,4.0,5.0,4.0,5.0,5.0,4.0,Other,Hey there! Can you let us know which offer you're referring to? Can you also DM us your account's username or email address so we can take a look?,"The generated reply is very similar to the historical evidence provided, especially the first two examples. It correctly asks for more information to address the customer's specific query about the '9 PESOS premium'. While it doesn't directly answer how to avail it, it sets up the next step for the customer to get a more personalized answer, which is a reasonable approach given the limited initial information. The tone is professional and helpful."
162,@115888 why is it your system always has problems playing the commercials. I have 100mbs service and it always buffers. Maybe you should go to sound only!,PLAYBACK_ISSUE,MUSIC_CONTENT_AVAILABILITY,0.1987977078761247,5.0,4.0,5.0,5.0,5.0,5.0,Wrong intent prediction,Hey there! We're sorry to hear you're having trouble with ads buffering. Can you send us a DM with your account's email address so we can take a closer look?,"The reply correctly identifies the customer's issue (buffering ads) and offers a clear next step (DM for account details). This is consistent with the historical evidence where Spotify asks for account details to investigate issues. The tone is professional and empathetic. While the exact phrasing isn't in the historical evidence, the action of asking for a DM is well-grounded."
10,@SpotifyCares  CarPlay integration indeed is extremely buggy 😡😡😡,APP_TECHNICAL_ISSUE,GENERAL_OTHER,0.2851433063770249,5.0,5.0,5.0,5.0,5.0,5.0,Wrong intent prediction,"We're sorry to hear you're having trouble with CarPlay. Does logging out, restarting your device, and logging back into Spotify help? Let us know!","The reply directly addresses the customer's complaint about CarPlay bugs and offers a troubleshooting step that is consistent with historical Spotify support evidence. The tone is empathetic and professional, and it provides a clear next step for the customer."
41,"Hey, @SpotifyCares, we want to create lists with our podcast episodes! 😝",FEATURE_REQUEST,FEATURE_REQUEST,0.3981282411282624,5.0,5.0,5.0,4.0,5.0,5.0,Other,"We're afraid this isn't possible at the moment, but you can suggest it in our Community at https://community.spotify.com/ and get support from other users.","The generated reply directly addresses the customer's feature request by stating it's not possible and provides a clear next step to suggest it in the community, which is fully supported by the historical evidence. The tone is professional and helpful, though it could be slightly more empathetic given the '😝' in the customer's message."
