sample_id,conversation_index,tweet_id,text,label,confidence,notes
6,6430,565419,"@SpotifyCares if I purchase the discounted annual premium subscription (12 months for price of 10), does the month I am already on with my monthly premium subscription finish first before it kicks in or does it just start straight away?",PREMIUM_SUBSCRIPTION,HIGH,Question about switching between Premium subscription terms.
10,31795,2251451,@SpotifyCares  CarPlay integration indeed is extremely buggy 😡😡😡,APP_TECHNICAL_ISSUE,HIGH,CarPlay integration is malfunctioning.
12,8556,707054,@SpotifyCares Any idea why your Android app occasionally wipes out every download? Now redownloading about 1600 songs. Not the first time.,DOWNLOAD_OFFLINE,HIGH,Downloaded offline music is being removed.
13,22134,1796739,@SpotifyCares why did my account downgrade after two days of premium service,PREMIUM_SUBSCRIPTION,HIGH,Premium subscription unexpectedly downgraded.
23,25108,1909604,@568872 @SpotifyCares Gummo still mf deleted https://t.co/rrqIDjrzNr,MUSIC_CONTENT_AVAILABILITY,HIGH,Specific music content was removed/deleted.
24,42004,2917841,@SpotifyCares App isn’t working. Doesn’t matter if I’m on data or WiFi. Restarted my phone and updated. What’s going on?,APP_TECHNICAL_ISSUE,HIGH,General app malfunction.
26,6983,116604,All clear! Everything’s looking good again. Enjoy the tunes.,GENERAL_OTHER,HIGH,"Closing/positive message, not an issue."
33,36095,2528938,If only @115888 had every @46723 and @46724 remix I would such a happy girl,MUSIC_CONTENT_AVAILABILITY,HIGH,Specific remixes are missing/unavailable.
36,41155,2873765,"@SpotifyCares I archive my Discover Weekly using the IFTTT applet, but it failed last week now I've lost what had become my new favourite song and can't remember it! Is it possible to restore my previous week's playlist?  Thks!",PLAYLIST_LIBRARY,HIGH,Problem involves losing/restoring a playlist.
38,27750,2028538,"You already have this functionality on podcasts. Why not do it for albums, @115888?! Seriously, not that hard to ad a sort. #UX #Design https://t.co/uHMOmnCRgb",FEATURE_REQUEST,HIGH,Requests sorting functionality for albums.
40,437,48118,P.Y.S.T. (Pretty Young Stranger Things)\nThe Moonwalking Dead\nBoJack Horseman in the Mirror\n#MichaelJacksonTVandMovies,GENERAL_OTHER,HIGH,Content/list-style post with no support issue.
41,20995,1739400,"Hey, @SpotifyCares, we want to create lists with our podcast episodes! 😝",FEATURE_REQUEST,HIGH,Requests podcast playlist/list functionality.
57,30668,2190769,"@SpotifyCares i changed my Facebook profile picture back in may and although it has updated on your website, it has not on my app, both on laptop and phone",APP_TECHNICAL_ISSUE,HIGH,Profile picture is not syncing correctly across app/web.
67,13914,1121425,"@115888 why can't you do this for metal, metal-core, hardcore, ect???? https://t.co/4HMjznIFNg",FEATURE_REQUEST,HIGH,Requests a feature/capability for additional genres.
73,42425,2929827,"@SpotifyCares Yep. All that I tried. Even uninstalled, restarted. Removed all data by hand. Installed again. The default settings was set to SD card, but all music ended on the internal storage.",DOWNLOAD_OFFLINE,HIGH,Downloaded music storage/location issue.
75,33107,2310888,"@115888 Hey! I can't sign in with my username and password with my TouchTunes @90737 new account. My Samsung mobile account needs updating, too! @125607 I CHANGED my name legally this year. Problems tonight as I am out TRYING to have a good time!",ACCOUNT_LOGIN_SECURITY,HIGH,Unable to sign in; authentication/account-access issue.
80,31853,2259585,@115888 Where the hell are my buttons to access library and so on? #UIDisaster On th verge of switching if you don’t stop messing with the UI. https://t.co/NfDF1SH5pK,APP_TECHNICAL_ISSUE,HIGH,Library/navigation UI elements are missing.
84,32608,2293042,@SpotifyCares been charging my account and i canceled last month 🤨,PAYMENT_BILLING,HIGH,Charged after cancellation.
87,9799,818977,@115888 @SpotifyCares please fix your artist.spotify contact page.,APP_TECHNICAL_ISSUE,HIGH,Spotify web/contact page is broken.
88,14061,1139896,@117153 I was charged the annual suscription but the premium does not work for me,PAYMENT_BILLING,HIGH,Primary complaint is being charged without receiving the paid service.
90,6001,538064,"@115888 I'd like to get the premium version but here Is the case I don't have a credit card but I've enough fund in my Google play Store. Please I want find out if I can pay via Google play Store, BTC or iTunes gift card. Please waiting for your response. Thanks Gerd!!!",PAYMENT_BILLING,HIGH,Question about accepted payment methods for Premium.
105,18375,1509485,@SpotifyCares Not sure to be honest. No other issues with Spotify though at all.,GENERAL_OTHER,HIGH,No specific problem stated.
106,30650,2190728,That moment when you wonder if you should be tweeting to @SpotifyCares or @comcastcares because not a single song has played without interruption... 😩,PLAYBACK_ISSUE,HIGH,Music playback is repeatedly interrupted.
107,16754,1348074,@SpotifyCares when is yelawolf new album available on @116130,MUSIC_CONTENT_AVAILABILITY,HIGH,Question about album availability.
109,38011,2653012,Wait so when can we listen to #Reputation on @115888 ?? @118062,MUSIC_CONTENT_AVAILABILITY,HIGH,Question about album availability.
110,4899,446911,@SpotifyCares Listening to Spotify thru my web browser cuz I’m at work. It booted me out and won’t let me log back in. 😩,ACCOUNT_LOGIN_SECURITY,HIGH,User was logged out and cannot log back in.
111,20678,1711917,@SpotifyCares Apparently there is no contact form anymore. How do i get my issues fixed!,GENERAL_OTHER,HIGH,Support/contact request rather than a specific product issue.
114,27243,1998302,@SpotifyCares is there any Siri integration with Spotify?,FEATURE_REQUEST,HIGH,Asks about platform integration support.
118,36687,2572197,why The suburbs by @10789 is not available in @115888 :( ?,MUSIC_CONTENT_AVAILABILITY,HIGH,Specific song is unavailable.
120,9169,760621,"@SpotifyCares had an email from you saying my email address had been changed, meant I couldn't log in to change password. Advise please",ACCOUNT_LOGIN_SECURITY,HIGH,Email changed and login/password access affected.
123,32694,2294399,@SpotifyCares Ok thanks! I voted to please build an app for it! I may have to switch to Apple music otherwise so I can run with playlists,FEATURE_REQUEST,HIGH,Requests an app/platform feature.
124,40055,2802526,"@SpotifyCares Hello, my account got hacked recently. Could you please send a reply/help too ""__email__"" thank you!",ACCOUNT_LOGIN_SECURITY,HIGH,Explicit hacked-account problem.
129,14122,1145862,@SpotifyCares I did. There's a plethora of users having problems with you app in Windows 10 Phone. Check the comments. Thanks you.,APP_TECHNICAL_ISSUE,HIGH,Windows app has technical problems.
130,659,64386,@SpotifyCares hellow I need some help with this i cant connect with the facebook app https://t.co/gzAygdZrEV,ACCOUNT_LOGIN_SECURITY,HIGH,Unable to connect Spotify with Facebook account.
133,27958,2036355,"@117153 Good evening, folks changed my premium plan for family plan. My wife received an invitation but nothing happens.",FAMILY_STUDENT_PLANS,HIGH,Family-plan invitation/activation problem.
134,37965,79419,@SpotifyCares I’ve sent you a message and you’re not still responding,GENERAL_OTHER,HIGH,"Complaint about support response, not a product issue."
136,38612,2708590,"@spotifycares Please help. I'm being charged twice a month, but only have one account. How can I locate the second account that's charging to my visa? I've tried suggestions on your help page and am stumped.",PAYMENT_BILLING,HIGH,Duplicate/unauthorized billing charge.
143,17985,1476027,.@115888 Will there be a user based year in review this year?,FEATURE_REQUEST,HIGH,Requests/asks about a Year in Review feature.
147,26339,1961287,Hi @SpotifyCares My wife’s account appears to have stopped working. She can’t log in at all. Can you advise how we can check it’s active?,ACCOUNT_LOGIN_SECURITY,HIGH,Cannot log in to the account.
151,14224,1156870,@115888 did you know people move. And need to change their address to share family access to premium? Why can't I do that online? KTHXBYE,FAMILY_STUDENT_PLANS,HIGH,Family-plan address/location eligibility issue.
162,35270,2473659,@115888 why is it your system always has problems playing the commercials. I have 100mbs service and it always buffers. Maybe you should go to sound only!,PLAYBACK_ISSUE,HIGH,Commercials themselves are buffering/failing during playback.
164,36816,2578883,Why is Francesca (@99810) - “all I had” not on @115888 ?! @SpotifyCares,MUSIC_CONTENT_AVAILABILITY,HIGH,Specific song is unavailable.
167,32726,2295029,"@115888 Seriously considering switching to Apple Music since yall are too lazy to update your app for the iPhone X, and even bother with Apple Watch support",APP_TECHNICAL_ISSUE,HIGH,Primary complaint is lack of device/app support and optimization.
168,30068,2144223,"Gee, thanks @115888 for randomly deleting my entire library. So pumped to redownload everything all over again",PLAYLIST_LIBRARY,HIGH,Entire music library was deleted.
170,9416,783504,"@SpotifyCares I’ve done that and it’s still just as slow, I’ve uninstalled the app, logged out and back in but the slow speeds remain",APP_TECHNICAL_ISSUE,HIGH,Persistent app performance/slowdown problem.
176,42830,100177,All clear! Everything’s looking good again. Enjoy the tunes.,GENERAL_OTHER,HIGH,"Closing/positive message, not an issue."
177,33266,2316884,"@115888 hi, my account has locked me out &amp; won't let me submit a new password request. Help please!",ACCOUNT_LOGIN_SECURITY,HIGH,Locked account and password-reset problem.
178,32541,2290945,@SpotifyCares help I can't use the share option,APP_TECHNICAL_ISSUE,HIGH,Existing share functionality is not working.
179,14536,1174975,@SpotifyCares I've been dealing with a billing issue for more than an hour now. This entire thing could have been solved in less than 10 minutes.,PAYMENT_BILLING,HIGH,Explicit billing issue.
184,11267,907663,@SpotifyCares hi! I'm in Canada and can't play ANY of @335536's music. I can see all of her songs but can't play. I'm dying. pls help.,MUSIC_CONTENT_AVAILABILITY,HIGH,Artist catalog is visible but unavailable for playback in the region.
186,1155,113827,"@SpotifyCares My Facebook account is no longer active so I am unable to log into new devices, however I am still somehow logged into my account on several devices... how can I log in using my user ID: 1252945587",ACCOUNT_LOGIN_SECURITY,HIGH,Login/access problem caused by unavailable linked Facebook account.
189,30315,2162619,@115888 @116130 @SpotifyCares please please please bring back your year in music for 2017!!!,FEATURE_REQUEST,HIGH,Requests return of the Year in Music feature.
191,14477,1169153,@SpotifyCares I have a premium subscription but Spotify account has changed to free account.Subscription on iPhone states it renews on 11/19,PREMIUM_SUBSCRIPTION,HIGH,Premium account incorrectly changed to Free.
194,34051,2376242,@SpotifyCares still no iPhone X optimized update? Companies with far less resources have had their updates ready for weeks 😕,APP_TECHNICAL_ISSUE,HIGH,iPhone X app optimization issue.
200,41716,2912565,WHY ARE YOU GUYS STILL CHARGING ME I CANCELLED 3 MONTHS AGO @115888 @SpotifyCares,PAYMENT_BILLING,HIGH,Continued billing after cancellation.
203,8371,695465,"@115888 I paid for premium &amp; still hear commercials. You withdrew money from my account, but my spotify account shows no receipt. Now what?",ADS_FREE_TIER,HIGH,User is still receiving ads despite Premium; ads are the primary complaint.
204,38279,2678323,@115888 trying to update my payment details and it takes me to this page and does not accept my NUS card number? NUS doesn't expire until 2020 https://t.co/9BMgYBiI6N,PAYMENT_BILLING,HIGH,Payment card/details update is failing.
206,37681,1942520,@115888 sooo if i already had the student discount last year can i still get hulu?,FAMILY_STUDENT_PLANS,HIGH,Question about eligibility for the student plan/Hulu benefit.
209,9513,789808,I really don't know why I keep paying for @115888 trash ass...how all my music disappear after I deleted and re downloaded the app #overit,PLAYLIST_LIBRARY,HIGH,User reports music/library disappearing after reinstall.
213,12240,993170,@115888 How can i avail this 9 PESOS premium??,PREMIUM_SUBSCRIPTION,HIGH,Question about obtaining a Premium offer.
216,4481,406694,HI @115888 CAN U BRING BACK THE TOUCH PREVIEW I'M BEGGING,FEATURE_REQUEST,HIGH,Requests return of a removed feature.
220,18095,1486999,"@SpotifyCares Hello! I am trying to connect my Spotify with Hulu, but Hulu is saying that they are having trouble authorizing my account.",FAMILY_STUDENT_PLANS,HIGH,Spotify-Hulu account/authorization issue tied to the bundled plan.
222,31960,2264805,@SpotifyCares please add a feature that lets me completely remove an artists from my suggestions. please. i am begging. No matter how often I downvote certain artists on my stations I still end up with 5 more songs suggested for the radio playlist.,FEATURE_REQUEST,HIGH,Explicit request to block/remove artists from recommendations.
223,32455,2289615,"@115888 HI, I'm new to Spotify. How do I see the lyrics like in @1122? This is very important for me. Thanks.",FEATURE_REQUEST,HIGH,Asks for lyrics functionality.
229,163,19242,Ini kenapa setiap buka app mesti log-in lagi? @118266,ACCOUNT_LOGIN_SECURITY,HIGH,User has to log in every time the app opens.
233,6195,555476,@SpotifyCares yo just got the advert for a years Spotify for £99. Can’t find out how to do it though? Send me a link x,PREMIUM_SUBSCRIPTION,HIGH,Question about purchasing a Premium yearly offer.
238,1771,162233,@153455 @9404 I went on a Spotify binge but noticed these songs are missing. I filed for them to be added since they're on the Itunes store I figured I can try. Please help me!! Thank you!' https://t.co/85oXVxFCGf,MUSIC_CONTENT_AVAILABILITY,HIGH,Specific songs are missing and user requests they be added.
240,35180,2466887,"@SpotifyCares How can I change my 'similar artists'? It are Classic Composers. My music is improvised, ambient and neo Classic. Johan Bakker",FEATURE_REQUEST,HIGH,Requests control over similar-artist recommendations.
248,28924,6543,@117153 @SpotifyCares On the website I have premium but on the app on my phone is still says free. And my bank statement says it went through. I don’t know?,PREMIUM_SUBSCRIPTION,HIGH,Paid Premium status is not reflected in the app.
251,5113,464463,Great work @SpotifyCares . Thanks for fixing my account!!,GENERAL_OTHER,HIGH,Positive feedback/closing message.
252,37406,2614456,@SpotifyCares Thank you for your reply even if there isn’t a solution yet.,GENERAL_OTHER,HIGH,Thank-you/closing message.
257,978,100138,"@SpotifyCares My playlists don't sync between the Desktop app (on Mac), my phone (Android), and the web player. They're all different. Please help.",PLAYLIST_LIBRARY,HIGH,Playlist synchronization problem.
258,38606,2708577,"@SpotifyCares Hello, I was suddenly logged out of my account today and am now unable to reset my password. My username is hannahbellbarnes and my email is __email__",ACCOUNT_LOGIN_SECURITY,HIGH,Unexpected logout and password-reset failure.
259,27148,1498038,Spotify doesn't have the new Sufjan Steven songs and I'm just like... https://t.co/Uy8pz3sjE4,MUSIC_CONTENT_AVAILABILITY,HIGH,New songs are unavailable.
260,26391,1962511,Hey @116130 - is it possible to ACTUALLY shuffle music rather than just mix the 30/40 songs surrounding the one I selected?,PLAYBACK_ISSUE,HIGH,Shuffle behavior affects actual playback ordering.
264,11348,914236,"@SpotifyCares hi ! My spotify app keeps playing random songs and not the one i want, its weird cuz when im on desktop works properly",PLAYBACK_ISSUE,HIGH,Playback starts the wrong/random songs.
268,17580,1435064,"@SpotifyCares Hi I missed to address verification, now my account so free, how to his join again ?",FAMILY_STUDENT_PLANS,HIGH,Plan/account status changed after verification issue; context indicates family/student eligibility.
270,9178,761826,@SpotifyCares they are totally different issues. One is about wanting to be able to relabel devices. My issue is all the devices being given the same name,APP_TECHNICAL_ISSUE,HIGH,Device naming behavior is incorrect.
276,40673,2848320,"@SpotifyCares However, if I’m playing music and open snapchat, it stops too and won’t reply. I have to open Spotify, and cold reboot the app by holding the power button until the power off sign and then the home button.",APP_TECHNICAL_ISSUE,HIGH,App stops functioning when another app is opened; technical multitasking issue.
277,40421,2824398,"@SpotifyCares I already tried this trial deal, and ever since it ran out Im having 4-5 ads them a song then another chain of ads. Not the way it should work. And on top of it, when I listen to ads that should give 30 min ad free, I still get ads after. Horrible experience so far.",ADS_FREE_TIER,HIGH,Excessive ads and failure of an ad-free reward.
282,42581,2942686,@SpotifyCares @115888 None of my saved albums will play... Have had these kind of issues for weeks now.,PLAYBACK_ISSUE,HIGH,Saved albums fail to play.
285,30439,2175372,look spotify you can not just remove one man army from my downloads,DOWNLOAD_OFFLINE,HIGH,Downloaded/offline content was removed.
290,43201,2987401,"@SpotifyCares Hey Guys, my family members cannot seem to be added to the Familly subscription. I have re-nominated them but it doesnt work.",FAMILY_STUDENT_PLANS,HIGH,Family members cannot be added.
296,15696,1257211,@115888 ????? I travel between 2 countries every single day for school..... WHY CANT I USE SPOTIFY https://t.co/YR7kDT7Kgs,MUSIC_CONTENT_AVAILABILITY,HIGH,Service/location availability problem.
303,27299,2001682,@SpotifyCares Planning to release an iPhone X update for the app?,APP_TECHNICAL_ISSUE,HIGH,Asks about device-specific app support/update.
306,23642,1852014,"@SpotifyCares Cool, thanks! Just submitted this suggestion for desktop notifications https://t.co/ZXsyqEcb7H can I get a rt? 🤓",FEATURE_REQUEST,HIGH,Explicitly submits a feature suggestion for desktop notifications.
307,42296,2921971,I still wish the @115888 iPad app was more like the desktop version and not the phone version. It just looks and feels really bad to use. Not how you make a tablet app at all.,APP_TECHNICAL_ISSUE,HIGH,iPad app UI/design is poor or unsuitable.
309,6724,576176,@137949 @SpotifyCares Has a recent update broken playing Spotify on a Sonos Play1 using Spotify Connect from the Spotify app? #whoistoblame,APP_TECHNICAL_ISSUE,HIGH,Spotify Connect/Sonos integration may be broken after an update.
313,24241,1870663,"Again, @115888 lost all my saved music. And since I’m on the subway I don’t have a steady internet connection to redownload.",PLAYLIST_LIBRARY,HIGH,Saved music/library disappeared; offline limitation is secondary.
322,1607,149351,WHY IS DAY6 NOT EVEN ON SPOTIFY YET???!!! THEY'RE SO TALENTED AND YET THEY'RE NOT ON SPOTIFY!!!!!! I REPEAT WHY SPOTIFY?? @115888 @7997 @SpotifyCares @116130 @125633 https://t.co/QHfLRyDYJv,MUSIC_CONTENT_AVAILABILITY,HIGH,Specific artist/content is unavailable.
335,13632,1101315,@SpotifyCares I want to get the student promo 4 Spotify premium &amp; Hulu but I have my account with my fb profile that doesn't use my @47292,FAMILY_STUDENT_PLANS,HIGH,Student Premium/Hulu eligibility or account-linking issue.
340,5165,466114,"@SpotifyCares when im listening to music it states that i can click the thing to get 30 minutes of ad free listening but when i go to click the part that has been there in the past, its not there so i cant do anything. it has done this about three times since i started listening today",ADS_FREE_TIER,HIGH,Ad-free reward/offer is missing or unavailable.
346,20348,1691150,@SpotifyCares Im paying for an account i cant get into at all ! Please help.,ACCOUNT_LOGIN_SECURITY,HIGH,Cannot access a paid account.
355,8329,691342,@115888 why the frik is this not available in Ukraine yet? what's the hold up??,MUSIC_CONTENT_AVAILABILITY,HIGH,Service/content is unavailable in a particular country.
369,11872,963343,@SpotifyCares I just tried to sign up for the student discount and you took money off my card and my status hasn't changed,FAMILY_STUDENT_PLANS,HIGH,Student discount enrollment/status problem.
374,41864,2915203,I really wish you could click on record labels in @115888 and see their entire catalog. cc: @SpotifyCares @117168,FEATURE_REQUEST,HIGH,Requests record-label catalog browsing.
386,13908,1120153,Spotify Premium’s ad-free and offline. So the music never stops. Try it free. https://t.co/MEVpIRTz17,GENERAL_OTHER,HIGH,"Promotional/marketing message, not a support issue."
390,37193,2600971,@SpotifyCares hi! I'm trying to change my premium subscription to student as I've just become one but this comes up every time I enter my details no matter how long I've had the page open :/ https://t.co/EdxzlhSQlX,FAMILY_STUDENT_PLANS,HIGH,Changing to a Student plan is failing.
391,5592,500941,Guessing I will have to join the list cancelling @116130 @SpotifyCares as no support for music streaming on Apple Watch series 3 Any reason no support is forthcoming?,FEATURE_REQUEST,HIGH,Requests Apple Watch support.
393,3354,306686,@SpotifyCares I've been having trouble streaming podcasts on Spotify to @137949 spkrs for couple weeks. Are you aware of any issues?,PLAYBACK_ISSUE,HIGH,Podcast audio streaming to speakers is failing.
404,7093,611860,"@SpotifyCares I tried to get the premium student discount before realizing I'm not eligible, the payment went through &amp; I dont have premium",PAYMENT_BILLING,HIGH,Payment went through but Premium was not received.
405,6304,560958,"I truly think that your playlist ""Rock This"" is missing Kiwi by Harry Styles. would fit so well there. fix this, please))) would be awesome! @115888 @SpotifyCares",FEATURE_REQUEST,HIGH,Requests adding a song to a curated playlist.
407,38159,2665927,Wish there was a way to like a song in my Discover Weekly and not have it automatically saved to my music @115888,FEATURE_REQUEST,HIGH,Requests different behavior for liking/saving Discover Weekly tracks.
410,17458,1423582,@SpotifyCares um ive been using student discount for premium for ages but it suddenly charged me full price for last month??????,FAMILY_STUDENT_PLANS,HIGH,Student discount was not applied.
412,3856,348578,Idk how I couldn't find this on my own but yaaaaas thanks for caring spotify cause this is my fave song https://t.co/UthijVjdn5,GENERAL_OTHER,HIGH,Positive/thankful message.
416,28470,2052945,"@115888 please put Julion Alvarez's music back on spotify :( and while you're at it, pls add Espinoza Paz's music too lol",MUSIC_CONTENT_AVAILABILITY,HIGH,Requests previously removed and additional artist music to be available.
417,30854,2199345,@115888 why is the playlist scroll sidebar on the right (like on Android) missing on iOS? Scrolling down takes ages with my iPhone...,APP_TECHNICAL_ISSUE,HIGH,Mobile app UI/navigation issue.
431,16212,1289919,@SpotifyCares is anybody going to support? I am still waiting as a paying premium customer and cannot log in on any device. Disgraceful,ACCOUNT_LOGIN_SECURITY,HIGH,Cannot log in on any device; account access is primary.
440,37260,2605017,omg imsleep goodnight im ab to pass out i love red velvet monsta x and seventeen they did so good today stfu ill be back at 6,GENERAL_OTHER,HIGH,Casual/non-support content.
453,7424,634020,@SpotifyCares Its the only version on spotify. The first 3 minutes is the song in the title. After that a very long pause and more songs.,PLAYBACK_ISSUE,HIGH,Audio/content playback behaves incorrectly.
456,11506,927663,@115888 whats up with the iOS app deleting my saved music every 2-3 weeks? I love paying to re download music all the time https://t.co/Rx35ZoJF2L,DOWNLOAD_OFFLINE,HIGH,Downloaded/saved music repeatedly gets deleted in the mobile app.
460,30981,2203832,"@115888 Yo, for Brittany Murphy's 40th birthday, how about you actually upload the original version of Faster Kill Pussycat for everyone to stream?",MUSIC_CONTENT_AVAILABILITY,HIGH,Requests a specific version of a song to be available.
461,21790,1786256,"@SpotifyCares Hello, I believe a fraudulent charge was made on my Spotify acct. Please let me know who I can talk to at Spotify about this",PAYMENT_BILLING,HIGH,Fraudulent/unauthorized charge.
463,18867,1546472,@SpotifyCares when will the app be updated to fit the iPhone X screen? It currently looks really bad.,APP_TECHNICAL_ISSUE,HIGH,iPhone X app layout/optimization problem.
465,26182,1951379,@115888 video ads with sound playing frequently over the top of current tracks is poor form. Happening every couple of minutes...,ADS_FREE_TIER,HIGH,Advertisements are interrupting music frequently.
468,32242,2283045,@SpotifyCares any help on why my payment won't go through?,PAYMENT_BILLING,HIGH,Payment is failing.
469,1835,166661,"@115888 so like, some of my favorite albums keep disappearing from Spotify. What's going on with your licenses??",MUSIC_CONTENT_AVAILABILITY,HIGH,Albums disappear due to licensing/availability.
471,27371,2005579,"I just realised I am being charged for a Spotify account I do not have, please help @SpotifyCares",PAYMENT_BILLING,HIGH,Charged for an account the user does not recognize.
479,5420,488803,"@SpotifyCares I just found out there is a video function in spotify, but i cant seem to play any videos. I am in Norway, i have premium and my spotify desktop version is 1.0.68.407.g6864aaaf. Thanks in advance.",PLAYBACK_ISSUE,HIGH,Spotify videos cannot be played.
483,36546,2558859,"@115888 who told you it was a good idea to take down Take Care album, I need answers",MUSIC_CONTENT_AVAILABILITY,HIGH,Album was removed.
490,360,44304,"Ah, wonderful. A random person is listening to my @115888 Premium account in France. No idea how I've been hacked, but suppose it can happen on any service.",ACCOUNT_LOGIN_SECURITY,HIGH,Unauthorized person using account indicates compromise.
496,42599,2942721,"@SpotifyCares No, I was saying that I noticed that it's now a feature when I play my Discover list and just wanted to let you know I appreciate it!",GENERAL_OTHER,HIGH,Positive feedback about a feature.
497,14557,1175708,@SpotifyCares I ended up having to uninstall and reinstall the app to work. There is at least one review on the Google Play store noting the same issue,APP_TECHNICAL_ISSUE,HIGH,App malfunction resolved by reinstalling.
499,23221,1837764,Why can’t I listen to @78997 on @115888 @SpotifyCares. When I click on anything from panic nothing happens. Help!!!,MUSIC_CONTENT_AVAILABILITY,HIGH,Artist's content cannot be accessed/played; likely availability issue.
500,16803,1353059,@SpotifyCares Having problems with offline mode on my Honor 7. When I use my SD card for storage after every restart all downloads are gone!,DOWNLOAD_OFFLINE,HIGH,Offline downloads disappear after restart when using SD storage.
503,14851,1201596,"@SpotifyCares They just stop playing and I can't play them anymore, and it's not a connection issue because other albums or radio or playlists work fine",PLAYBACK_ISSUE,HIGH,Music stops playing while other content works.
504,35597,2492552,@115888 I reached my limit of liking albums why is there such a thing :-(,FEATURE_REQUEST,HIGH,Complains about a limit and implicitly requests removal/increase of the limit.
513,1112,110095,@115888 There is any way to find the songs that I gave a thumb up on the radio? where do they go? I don't have any playlist or removed playlist related to that...,PLAYLIST_LIBRARY,HIGH,User is trying to locate saved/liked songs.
517,13290,1076474,@SpotifyCares You rock! Thanks so much.,GENERAL_OTHER,HIGH,Positive feedback.
519,38181,2666958,@115888 If @SpotifyCares @116130 or @102874 could get in touch that would be amazing,GENERAL_OTHER,HIGH,Requests support contact.
523,493,53136,".@116130 whys the discover page changed? Where is my recommended music? I don't want ""Focus with some new music"" - none of it is tailored",FEATURE_REQUEST,HIGH,Complains about recommendation behavior and wants more tailored discovery.
534,28369,2047844,"@115888 I am trying to change my subscription from premium to student, my premium ends 10/27, can you please help me out, I have tried your support channels with no avail. Thank you!",FAMILY_STUDENT_PLANS,HIGH,Changing from Premium to Student plan.
538,39269,2756246,@SpotifyCares I am supposed to have a premium subscription for two users through our cell phone provider and it says we don't have premium? help pls,PREMIUM_SUBSCRIPTION,HIGH,Paid bundled Premium subscription is not recognized.
539,2356,206568,@SpotifyCares The songs are playing but a noise gets on the way after every second. I'm using a Windows Nextbook.,PLAYBACK_ISSUE,HIGH,Audio playback is distorted/interrupted.
544,7478,637643,@SpotifyCares Avrx2000 Denon amp . Using Spotify app on Samsung s 6 .via wireless set up .says connected on the amp but isn't connecting via the phone and app.,APP_TECHNICAL_ISSUE,HIGH,Spotify/device connection integration is failing.
549,24651,1887548,@SpotifyCares locked out of account. Email address is old (college email expired) and I can’t get in touch with support. Help.,ACCOUNT_LOGIN_SECURITY,HIGH,Cannot access account because old email is unavailable.
565,34742,2431661,@SpotifyCares I am trying to enable the student discount on my account. Can you help me out?,FAMILY_STUDENT_PLANS,HIGH,Student discount enrollment issue.
566,33974,2368026,@115888 please make the three dots on each songs horizontal on the Android apps please,FEATURE_REQUEST,HIGH,Requests an Android UI change.
567,5419,488801,"Did y’all change something with the shuffle algorithm, @115888? It seems to be working much better now. I can’t put my finger on it, but I’ve definitely noticed a major improvement.",GENERAL_OTHER,HIGH,Positive feedback about shuffle behavior.
569,40195,2810364,@115888 When are you guys launching in India. Eagerly waiting for your services.,MUSIC_CONTENT_AVAILABILITY,HIGH,Service availability in India.
570,24280,1871777,@SpotifyCares I purchased premium but my account has yet to update through the app. It's been more than an hour,PREMIUM_SUBSCRIPTION,HIGH,Premium purchase has not activated on the account.
573,26979,1985115,@SpotifyCares So when are we getting an update on that Apple Watch app?,FEATURE_REQUEST,HIGH,Requests/asks about Apple Watch app support.
579,8392,698310,@SpotifyCares ios11 doesn’t let me control Spotify from the lock screen anymore. Same in command centre.,APP_TECHNICAL_ISSUE,HIGH,Lock-screen/control-center app controls are not working.
586,17526,1428692,@115888 please put the lyrics back in the desktop app i need it,FEATURE_REQUEST,HIGH,Requests return of lyrics functionality.
589,38524,2705182,"@SpotifyCares family invites are never rec'd, and you removed the link... help me spot, you're my only hope",FAMILY_STUDENT_PLANS,HIGH,Family invitations are not being received.
592,10201,842562,@SpotifyCares I’ve tried that even uninstalled the app and reinstalled. But thankfully the app is working 100% now so im happy!!!,GENERAL_OTHER,HIGH,Issue resolved and user is expressing positive feedback.
593,20857,1727307,"when will they put mort garson's deja vu on @115888 please @117168 i need i can't keep ripping it off youtube,,",MUSIC_CONTENT_AVAILABILITY,HIGH,Requests a specific album/song to be available.
596,18388,1510055,@SpotifyCares when are you going to bring sort and search functionality in the Spotify Web Player? Also I need last.fm functionality back!,FEATURE_REQUEST,HIGH,Requests missing sort/search and third-party functionality.
599,9711,809608,"The biggest things @115888 could do to keep me from moving: tv app, watch app/remote, smarter radio/magic playlists.",FEATURE_REQUEST,HIGH,"Requests Apple TV, Apple Watch and smarter recommendation features."
600,19865,1649310,@SpotifyCares If so: how do I cancel premium for this account so that I can make a new one?,PREMIUM_SUBSCRIPTION,HIGH,Explicitly asks how to cancel Premium.
603,904,91687,"@spotifycares tried using my app this morning says I need to log in. Tried logging in, said PW invalid. Tried resetting PW, said username invalid",ACCOUNT_LOGIN_SECURITY,HIGH,Login/password reset failure.
609,27952,2036292,"@SpotifyCares Are you having issues right now? The community sites doesn't really load for me, and chromecast audio isn't working.",APP_TECHNICAL_ISSUE,HIGH,Website and Chromecast integration are malfunctioning.
610,38837,2728381,"@SpotifyCares for the third time this year I've been charged in excess of the student rate, yet I'm still a student. Can you assist?",FAMILY_STUDENT_PLANS,HIGH,Student discount is not being applied.
616,2530,225359,@SpotifyCares why i cant reproduce this song? https://t.co/4uYBqqk8cW,PLAYBACK_ISSUE,HIGH,Specific song cannot be played.
619,33729,2349658,@SpotifyCares Please make the standard player the same as the new one for Time Capsule! Love it!,FEATURE_REQUEST,HIGH,Requests player UI consistency/change.
621,4215,379997,@115888 I hope Love Yourself Her hidden tracks will be on spotify too. @133324,MUSIC_CONTENT_AVAILABILITY,HIGH,Requests additional music content to be available.
627,38772,2720903,@117168 WHY AM I GETTING BABY JOGGER ADS??! I DO NOT WANT BABIES MAKE IT STOP,ADS_FREE_TIER,HIGH,Complaint about unwanted advertisements.
629,12180,984911,"Hey @SpotifyCares , i applied for the student discount membership and it said that i was accepted but my account still is on free.",FAMILY_STUDENT_PLANS,HIGH,Student discount accepted but plan status not updated.
642,10896,885037,I’m having serious issues with @115888 where random devices show up and take over my listening. Anyone else having issues?,ACCOUNT_LOGIN_SECURITY,HIGH,Unknown devices controlling playback suggests account compromise/security issue.
644,39723,2783473,@117153 Getting 503 and 504 nginx errors trying to access my account on the web. Something up?,ACCOUNT_LOGIN_SECURITY,HIGH,Accessing the account on the web is failing with server errors.
647,21823,1787403,@SpotifyCares Just signed up for family premium. My wife is not receiving the email invite. I have sent it several times. Uninvited her and invited her back...with no success. Cleared history and made sure that her email account isn't registered in a foreign country,FAMILY_STUDENT_PLANS,HIGH,Family invitation is not being received.
654,13433,1091043,"@SpotifyCares I have signed up and am paying for the family plan, but when I try to add family members, the screen is black. How do I fix>",FAMILY_STUDENT_PLANS,HIGH,Family-plan member addition is failing.
658,18508,1517712,"@115888 why is 'I Do' by Placebo missing? Almost every song from Once More With Feeling is there, except that one. #AllSongsMatter https://t.co/wasQBWtXTE",MUSIC_CONTENT_AVAILABILITY,HIGH,Specific song is unavailable.
659,22627,1814818,make @115888 available in Saudi Arabia,MUSIC_CONTENT_AVAILABILITY,HIGH,Requests service availability in a country.
662,17151,1384565,"@SpotifyCares I've given up on the desktop app. It's unresponsive and buggy, but worst of all it leaks massive amounts of memory. I see incremental updates, but none of them fix the elephant in the room. I can use the web app, but I can't scrobble from it or easily play by album.",APP_TECHNICAL_ISSUE,HIGH,Desktop app has severe performance and memory problems.
665,26952,1983462,"@115888 Hi, instead of programming Stranger Things advertisement please fix your wack garbage 'shuffle' function so that it's random",PLAYBACK_ISSUE,HIGH,Shuffle behavior is incorrect; playback ordering is the issue.
668,2520,224857,"@SpotifyCares Can't create an account. Firefox, Chrome, iPhone: ""oops something went wrong"". I give up.",ACCOUNT_LOGIN_SECURITY,HIGH,Account creation/authentication is failing.
671,30764,2198050,@115888 iPhone X was announced on September 12th. It’s been here for a week. Time for an update! Please. https://t.co/6lXVOfZvRn,APP_TECHNICAL_ISSUE,HIGH,Requests missing iPhone X app support/update.
677,15661,1253066,@115888 plz incorporate a sleep timer. Its too much work to use you before the zzz,FEATURE_REQUEST,HIGH,Requests sleep-timer functionality.
682,17402,1417868,Shout out to @115888 for saying “enjoy the next 30 min of ad free music”.... old spice ad plays right after 🙃,ADS_FREE_TIER,HIGH,Ad-free reward fails and an ad plays.
684,2506,224121,@115888 will you be updating the Cubs postseason walkup music playlist for this year?,FEATURE_REQUEST,HIGH,Requests update/additions to a playlist.
686,35677,2499434,@117153 my premium has stopped working all of a sudden please help,PREMIUM_SUBSCRIPTION,HIGH,Premium subscription has stopped functioning.
689,35574,2491624,"@115888 You need to bring back Touch Preview!! ASAP! Literally the only reason I used you guys over other music apps! Also, this bullshit with only being able to download 3,333 songs for offline listening is complete B.S! I pay for Premium, there should be NO limit!",FEATURE_REQUEST,HIGH,Explicitly requests restoring Touch Preview and increasing/removing the offline limit.
690,38921,2734593,@SpotifyCares Yeah I get that. So where do I download them with the app on my computer these are the options I have https://t.co/el2ZdaRxhB,DOWNLOAD_OFFLINE,HIGH,Question about downloading music on desktop.
692,41539,2908668,@115888 I NEED a Grammy noms playlist ASAP.,FEATURE_REQUEST,HIGH,Requests creation/release of a playlist.
696,4232,380812,"No AirPlay in desktop app, no tvOS app… seriously, @115888?",FEATURE_REQUEST,HIGH,Requests AirPlay/tvOS support.
702,5355,483954,@117153 unfortunately my Spotify doesn't even open when I want to start the app on my Samsung Galaxy S7 Edge. It's VERY annoying since I pay the premium account and I can't use it. Please help and answer me what can I do???,APP_TECHNICAL_ISSUE,HIGH,Spotify application will not open.
703,39009,2738304,"Spotify for Artists is officially live on Android! Download now and get the most out of Spotify, all from your phone: https://t.co/lgkCOIITnE https://t.co/3RTIBW4SZu",GENERAL_OTHER,HIGH,Announcement/marketing message.
707,10017,832538,"@SpotifyCares Drain Sth's song ""Crack the Liar's Smile"" is named ""Crack the War's Smile"" incorrectly. Just FYI.",GENERAL_OTHER,HIGH,Incorrect song metadata/title.
709,12836,1041586,Is there a presale for @1966 tickets like there was last time through @115888 @SpotifyCares ??,GENERAL_OTHER,HIGH,Presale/ticket question outside the taxonomy.
718,21700,1782763,"@SpotifyCares - I made an account with you guys a while ago (via. Facebook), and now I cannot log in because it errs out when I try.",ACCOUNT_LOGIN_SECURITY,HIGH,Cannot log in through Facebook-linked account.
726,23212,1837499,"Man, @115888 @SpotifyCares is lacking! 😬 I am not able to hear some songs!",MUSIC_CONTENT_AVAILABILITY,HIGH,Some music content is unavailable.
727,20943,1736627,@SpotifyCares @115888 the more I notice more music being unavailable when it was available really upsets me and makes me want to switch to @115948 #sorrynotsorry,MUSIC_CONTENT_AVAILABILITY,HIGH,Previously available music is becoming unavailable.
731,40758,2854393,@SpotifyCares my spotify got hacked again?! plz help,ACCOUNT_LOGIN_SECURITY,HIGH,Explicit account compromise.
736,1469,116606,"@117153 A member of my family plan has an issue she cant join to the plan, it says""try again"" cause theres a problem, í send the inv like 4 times this week",FAMILY_STUDENT_PLANS,HIGH,Family member cannot join plan.
741,19366,1596822,Waiting for @1313 and @115888 to update their apps for the X,APP_TECHNICAL_ISSUE,HIGH,Requests app update/support for iPhone X.
743,40931,2861290,I tried to deactivate my @115888 account more than once and only today did it I hope cancel because I have lost $50 on an app I DONT EVEN USE!!!,PAYMENT_BILLING,HIGH,Money was lost while attempting to cancel/deactivate the account.
751,2810,254990,@SpotifyCares So can you tell me why an Explicit content filter hasn't already been implemented? #ProveSpotifyCares,FEATURE_REQUEST,HIGH,Requests an explicit-content filter.
752,5067,459137,@115888 I was paying for a student membership and all of a sudden there’s a premium charge on my account for this month?,FAMILY_STUDENT_PLANS,HIGH,Student pricing/plan status changed unexpectedly.
753,7571,137175,3 months of Premium is just 99p. Play music offline wherever you go. https://t.co/MB7IaE21lJ,GENERAL_OTHER,HIGH,Promotional/marketing message.
765,22702,1816312,"Spotify has a Follow button, but where is the Never Play This Trash Again button? @115888 @33326",FEATURE_REQUEST,HIGH,Requests an artist/song blocking feature.
766,40376,2822003,"@SpotifyCares Not all the songs in my playlists are downloading for offline use on my mac. Reinstalled, no change. Any ideas?",DOWNLOAD_OFFLINE,HIGH,Some playlist songs cannot be downloaded for offline use.
771,39664,2780822,@SpotifyCares haven’t received an email with my Romeo Santos presale code... what’s up with that,GENERAL_OTHER,HIGH,Presale-code problem outside the taxonomy.
775,33764,2350985,"@SpotifyCares Having issues updating my payment method on both mobile and desktop sites. Progress wheel keeps spinning when I hit ""continue"". Help?",PAYMENT_BILLING,HIGH,Payment method update is failing.
776,7789,655571,@118266 min kalo mau langganan tp gapunya kartu kredit gimana caranya ya? kebetulan saya pake indosat,PAYMENT_BILLING,HIGH,Asks about alternative payment method without a credit card.
780,13207,1074045,@SpotifyCares I have reset my password and I still can not log can someone please help #tuneless,ACCOUNT_LOGIN_SECURITY,HIGH,Cannot log in after resetting password.
787,24655,1887568,@SpotifyCares when will “Flame of Love” by Taemin come out?,MUSIC_CONTENT_AVAILABILITY,HIGH,Question about specific music release/availability.
788,9530,790567,Seriously @115888... why can you not keep your app in working order?,APP_TECHNICAL_ISSUE,HIGH,General app malfunction.
794,34141,2382575,@115888 where’s the iPhone X update. The app is horrible right now.,APP_TECHNICAL_ISSUE,HIGH,iPhone X app support/optimization problem.
797,8964,739487,@126761 @183932 Why is this not available in Germany? :/,MUSIC_CONTENT_AVAILABILITY,HIGH,Content/service availability in a country.
