sample_id,text,intent,historical_evidence,generated_reply,correctness,groundedness,helpfulness,tone,hallucination_free,overall,human_reason
6,"@SpotifyCares if I purchase the discounted annual premium subscription (12 months for price of 10), does the month I am already on with my monthly premium subscription finish first before it kicks in or does it just start straight away?",PREMIUM_SUBSCRIPTION,"[{'customer_message': '@115888. Hi, can I cancel my monthly premium subscription and take out the new annual subscription?', 'spotify_reply': ""@232849 Hey there, help's here! Could you DM us your account's email address and username? We'll take a look backstage /CG https://t.co/ldFdZRiNAt"", 'customer_tweet_id': np.int64(494239), 'spotify_reply_id': np.int64(494238), 'similarity': 0.2413032719984219}, {'customer_message': '@115888 hi, received the 12 months for price of 10 offer via email, followed the link, but it states that I am not eligible. Can you please clarify?', 'spotify_reply': ""@234664 Hey there, help's here! Could you shoot us a DM with your account's username and email address? We'll take a look backstage /VK"", 'customer_tweet_id': np.int64(500947), 'spotify_reply_id': np.int64(500945), 'similarity': 0.20943811133241458}, {'customer_message': '@SpotifyCares I purchase the 3 months for 9 pesos spotify premium , its not working https://t.co/ErnWIbZpfe', 'spotify_reply': ""@148283 Got it! Could you DM us your account's username and email address? We'll take a look backstage /DF https://t.co/ldFdZRiNAt"", 'customer_tweet_id': np.int64(142992), 'spotify_reply_id': np.int64(142993), 'similarity': 0.18691887770640717}]","Hey there, help's here! Could you DM us your account's email address and username? We'll take a look backstage.",2,4,2,5,5,2,The reply asks for account details but does not answer the customer's actual subscription timing question.
10,@SpotifyCares  CarPlay integration indeed is extremely buggy 😡😡😡,GENERAL_OTHER,"[{'customer_message': '@SpotifyCares yeah this is extremely not the very simple thing that I need', 'spotify_reply': ""@759748 We're sorry to hear that. Don't worry, we'll pass on the suggestion about new release notifications from specific artists on to the right folks. Let us know if there's anything else we can help with /KB"", 'customer_tweet_id': np.int64(2705129), 'spotify_reply_id': np.int64(2705130), 'similarity': 0.28514330637702495}, {'customer_message': '@SpotifyCares I did indeed yes', 'spotify_reply': ""@777593 That's strange. We'll get this passed on to our devs so they can look into it. Give us a shout if you need anything else /JP"", 'customer_tweet_id': np.int64(2784974), 'spotify_reply_id': np.int64(2784975), 'similarity': 0.2774658975048027}, {'customer_message': '@115888 @115858 Spotify is soooo buggy for CarPlay. Pls fix soon thanks', 'spotify_reply': ""@249035 Hi Lizzie, the cavalry's here! Does logging out, restarting your device, and logging back into Spotify help? Keep us posted /JI"", 'customer_tweet_id': np.int64(1162421), 'spotify_reply_id': np.int64(1162419), 'similarity': 0.25717920115851295}]","We're sorry to hear you're having trouble with CarPlay. Does logging out, restarting your device, and logging back into Spotify help? Let us know!",4,4,4,5,5,4,The reply is for looking into the bugs for carplay users in spotify which should be looked by devs and reported to them 
12,@SpotifyCares Any idea why your Android app occasionally wipes out every download? Now redownloading about 1600 songs. Not the first time.,DOWNLOAD_OFFLINE,"[{'customer_message': ""@SpotifyCares Nope. Luckily no crashing, but definitely multiple ads. Not the first time either, just the first time I've reported it."", 'spotify_reply': '@190218 2: 30 minutes ad-free listening in full after hearing the offer? /SY', 'customer_tweet_id': np.int64(310782), 'spotify_reply_id': np.int64(310780), 'similarity': 0.27418948441468777}, {'customer_message': '@115888, please how do I stop this! Not the first time. https://t.co/H9u1WW1CSV', 'spotify_reply': ""@756721 Hey Jack! we don't have a way to remove suggested playlists at this time, but we'll be sure to pass your feedback on to the right folks. In the meantime, be sure to check out our Genres & Moods section for new playlists to enjoy /TB"", 'customer_tweet_id': np.int64(2691963), 'spotify_reply_id': np.int64(2691962), 'similarity': 0.2299836270072854}, {'customer_message': '@SpotifyCares I deleted the app and reinstalled the first time.', 'spotify_reply': ""@581974 Got it. We're glad the app's working fine now though. If this ever happens again, just give us a shout. We'll be right here 🙂 /RH"", 'customer_tweet_id': np.int64(1962695), 'spotify_reply_id': np.int64(1962693), 'similarity': 0.22253810346772054}]",We're sorry to hear your downloads have disappeared. That's definitely not the experience we want you to have. Could you tell us what version of the Android app you're currently using?,4,5,4,5,5,4,asked the right question and action should be taken by the humans 
13,@SpotifyCares why did my account downgrade after two days of premium service,PREMIUM_SUBSCRIPTION,"[{'customer_message': '@SpotifyCares My paid account was hijacked. No response to ticket after two days. Would greatly appreciate a response so I can stop paying for some thief to use my subscription.', 'spotify_reply': ""@436247 Hi, we've just replied to your DMs. Check your inbox 🙂 /SY"", 'customer_tweet_id': np.int64(2789413), 'spotify_reply_id': np.int64(2789412), 'similarity': 0.24543706621453734}, {'customer_message': ""@SpotifyCares WHY DID MY WHOLE LIBRARY DISAPPEAR HELP ME OHMYGOD I'VE LOST A CHILD"", 'spotify_reply': ""@557439 Hi there, the cavalry's here! Can you DM us with your account's username and email address? We'll get to the bottom of it /WW https://t.co/ldFdZRiNAt"", 'customer_tweet_id': np.int64(1865857), 'spotify_reply_id': np.int64(1865856), 'similarity': 0.23959701310421913}, {'customer_message': '@SpotifyCares Why did my Student account automatically change to premium? I was charged full price. Can I get this corrected?', 'spotify_reply': ""@329833 Hey Dave! Can you DM us your account's username and email address? We'll take a look backstage /SY https://t.co/ldFdZRiNAt"", 'customer_tweet_id': np.int64(883640), 'spotify_reply_id': np.int64(883639), 'similarity': 0.22491511026733793}]","Hi there, we're sorry to hear about this! Can you please DM us your account's username and email address? We'll take a look.",5,5,4,5,5,5,this situation needed human intervention and exclation and it was handled properly
23,@568872 @SpotifyCares Gummo still mf deleted https://t.co/rrqIDjrzNr,GENERAL_OTHER,"[{'customer_message': '@115888 why remove @57088 Gummo tho?', 'spotify_reply': ""@440525 Hi! Sometimes content gets temporarily removed because of licensing changes. Hopefully we'll have it available again soon /RB"", 'customer_tweet_id': np.int64(1376893), 'spotify_reply_id': np.int64(1376892), 'similarity': 0.34643859997000453}, {'customer_message': '@SpotifyCares wazzup? https://t.co/ghG1qUmED2', 'spotify_reply': ""@808041 Hey Juan! Everything should be running smoothly now. Let us know if you're still getting issues /GS"", 'customer_tweet_id': np.int64(2919386), 'spotify_reply_id': np.int64(2919385), 'similarity': 0.33702063808934835}, {'customer_message': '@SpotifyCares @128606  https://t.co/6bncpNuDG8', 'spotify_reply': '@181916 Best thing to try here is a reinstall. Just follow the steps at https://t.co/EqisDMwZAT. Let us know how it goes /MU', 'customer_tweet_id': np.int64(275920), 'spotify_reply_id': np.int64(710596), 'similarity': 0.33702063808934835}]","Hi! Sometimes content gets temporarily removed because of licensing changes. Hopefully, we'll have it available again soon.",5,5,5,5,5,5,playlist was removed due to licensing changes and the reply was appropriate and helpful
24,@SpotifyCares App isn’t working. Doesn’t matter if I’m on data or WiFi. Restarted my phone and updated. What’s going on?,APP_TECHNICAL_ISSUE,"[{'customer_message': ""@SpotifyCares I've restarted phone reinstalled app and it doesn't matter if I use WiFi or 4G it still does it."", 'spotify_reply': ""@379849 Got it. Could you DM us your account's email address or username? We'll take a look under the hood /KB https://t.co/ldFdZRiNAt"", 'customer_tweet_id': np.int64(1101336), 'spotify_reply_id': np.int64(1101337), 'similarity': 0.2919168686371538}, {'customer_message': 'Hey @115888 your app isn’t working.', 'spotify_reply': ""@184736 Hey Ryan! Everything should be running smoothly now. Let us know if you're still getting issues /GS"", 'customer_tweet_id': np.int64(2920789), 'spotify_reply_id': np.int64(2920788), 'similarity': 0.26067708806186707}, {'customer_message': ""hey @115888, what's going on?"", 'spotify_reply': '@808027 Hey Alex! Everything should be running smoothly now. Let us know if this is still happening /FR', 'customer_tweet_id': np.int64(2919351), 'spotify_reply_id': np.int64(2919350), 'similarity': 0.2474934042369611}]",Could you send us a DM with your account's email address or username? We'll take a look.,4,5,4,5,4,4,user was experiencing issues with the app and the reply was appropriate and helpful
33,If only @115888 had every @46723 and @46724 remix I would such a happy girl,FEATURE_REQUEST,"[{'customer_message': '@SpotifyCares If only.', 'spotify_reply': ""@472887 We can't make any promises, but we'll let the right folks know this is something you'd like to see. Let us know if you need us again /AK"", 'customer_tweet_id': np.int64(1521346), 'spotify_reply_id': np.int64(1521348), 'similarity': 0.4255351819541135}, {'customer_message': 'I wish @115888 had nested playlists...', 'spotify_reply': '@293906 Hey! This is possible with Playlist folders. More info here: https://t.co/aGZZKzSM3w. Hope this helps 🙂 /YM', 'customer_tweet_id': np.int64(725984), 'spotify_reply_id': np.int64(725983), 'similarity': 0.2879846064810241}, {'customer_message': 'I wish @115888 had mixtapes', 'spotify_reply': '@717385 Hey! We’ve got some info about mixtapes here: https://t.co/MEjmIRL2eB /JS', 'customer_tweet_id': np.int64(2518461), 'spotify_reply_id': np.int64(2518460), 'similarity': 0.26049837517126906}]","We can't make any promises, but we'll let the right folks know this is something you'd like to see. Let us know if you need us again.",5,5,5,5,5,5,absolutely perfect answer as we cannot get playlist for each individual the reply was perfect
36,"@SpotifyCares I archive my Discover Weekly using the IFTTT applet, but it failed last week now I've lost what had become my new favourite song and can't remember it! Is it possible to restore my previous week's playlist?  Thks!",FEATURE_REQUEST,"[{'customer_message': ""is it possible to get back last week's discovery playlist? @SpotifyCares"", 'spotify_reply': ""@388329 Hi there! Unfortunately we're unable to recover your previous Discover Weekly. Be sure to save your favorites, so you don't miss out /DV"", 'customer_tweet_id': np.int64(1896461), 'spotify_reply_id': np.int64(1896460), 'similarity': 0.2784701399664713}, {'customer_message': '@SpotifyCares any way to access last week’s “Discover Weekly?”', 'spotify_reply': ""@599728 We're afraid that's not possible right now. We'd suggest saving your tunes so you won't miss out. If there's anything else, let us know /AU"", 'customer_tweet_id': np.int64(2036025), 'spotify_reply_id': np.int64(2036024), 'similarity': 0.22604430305964907}, {'customer_message': ""my discover weekly was so good last week why did it change @115888 I'm hurt"", 'spotify_reply': '@796166 Hey, Discover Weekly is based on what you, and others like you, are listening to. Hopefully it’s more in tune with your tastes next week! /AR', 'customer_tweet_id': np.int64(2866594), 'spotify_reply_id': np.int64(2866593), 'similarity': 0.2166218587774116}]","We're sorry to hear you lost a favorite song! Unfortunately, we're unable to restore previous Discover Weekly playlists. We recommend saving your favorite tracks as you go so you don't miss out.",5,5,4,5,5,5,great answer as the customer was asking for a previous playlist and the reply was appropriate and helpful    
38,"You already have this functionality on podcasts. Why not do it for albums, @115888?! Seriously, not that hard to ad a sort. #UX #Design https://t.co/uHMOmnCRgb",FEATURE_REQUEST,"[{'customer_message': '@SpotifyCares THIZ Scarface iz NOT THAT SCARFACE... https://t.co/zQGFWlslGF', 'spotify_reply': ""@437318 Thanks for the heads-up. It'd be great if you could send over the Artist Links. Just tap the three dots > Share > Copy Link /AY"", 'customer_tweet_id': np.int64(1376883), 'spotify_reply_id': np.int64(1376884), 'similarity': 0.2858075659200661}, {'customer_message': '@115888 @SpotifyCares seriously tho is it that hard to just make a miniplayer for desktop????', 'spotify_reply': ""@320109 We hear you loud and clear, Jacob. We can’t make any promises, but we'll give our devs a nudge about it /TC"", 'customer_tweet_id': np.int64(841091), 'spotify_reply_id': np.int64(841089), 'similarity': 0.23118894027664233}, {'customer_message': '@SpotifyCares Why not?', 'spotify_reply': ""@131101 We're unable to share any news regarding this at the moment. Rest assured, we're always looking for ways to improve the app. We'll be sure to pass your comments to our developers /CE"", 'customer_tweet_id': np.int64(66011), 'spotify_reply_id': np.int64(171724), 'similarity': 0.2164948741382072}]","Thanks for sharing your feedback! We're always looking for ways to improve the app, and we'll be sure to pass your comments on to our developers.",5,5,5,5,5,5,perfect response for the feature update to the devs and the response was valid and helpful
40,P.Y.S.T. (Pretty Young Stranger Things)\nThe Moonwalking Dead\nBoJack Horseman in the Mirror\n#MichaelJacksonTVandMovies,GENERAL_OTHER,"[{'customer_message': ""What's stranger things mode @115888 https://t.co/Lxqf3NXLix"", 'spotify_reply': ""@223747 Hey Timothy! You're onto us. The Stranger Things Mode is in partnership with Netflix to promote the latest season of Stranger Things. Experience it at https://t.co/AKoMLz9WZ6. Let us know if you need anything else /RA"", 'customer_tweet_id': np.int64(458064), 'spotify_reply_id': np.int64(458061), 'similarity': 0.4332402248550543}, {'customer_message': '@SpotifyCares what is Stranger Things mode?', 'spotify_reply': '@361806 Hey Ian! The Stranger Things Mode is in partnership with Netflix to promote the latest season of Stranger Things. This will change the look of your app while playing any Stranger Things playlist curated by Spotify. Experience it here: https://t.co/4cQt9Vn0ec /CO', 'customer_tweet_id': np.int64(1915270), 'spotify_reply_id': np.int64(1915269), 'similarity': 0.3800508569290633}, {'customer_message': '@115888 what is Stranger Things Mode?', 'spotify_reply': ""@808036 Hey Sabrina! You're onto us 😉 The Stranger Things Mode is in partnership with Netflix to promote the latest season of Stranger Things. Experience it here: https://t.co/AKoMLz9WZ6. Let us know if you need anything else /AL"", 'customer_tweet_id': np.int64(2919377), 'spotify_reply_id': np.int64(2919376), 'similarity': 0.37974719775669696}]",Hey there! The Stranger Things Mode is a partnership with Netflix to promote the latest season of Stranger Things. It changes the look of your app when playing Stranger Things playlists curated by Spotify.,5,5,5,5,5,5,perfect reply for this situation and helpful
41,"Hey, @SpotifyCares, we want to create lists with our podcast episodes! 😝",FEATURE_REQUEST,"[{'customer_message': '@SpotifyCares we want reputation', 'spotify_reply': ""@731458 Hey Lara. Taylor Swift's 'Reputation' isn't available to stream just yet – stay tuned! For now, check out the singles: https://t.co/3h0TnPWP0c /VK"", 'customer_tweet_id': np.int64(2580713), 'spotify_reply_id': np.int64(2580712), 'similarity': 0.3981282411282624}, {'customer_message': '@SpotifyCares Can I make a playlist of podcast episodes? Coming soon? Sooner please?', 'spotify_reply': ""@582362 Hey! We're afraid this isn't possible, but you can suggest it in our Community at https://t.co/rtDvYZOF32 & get support from other users /NS"", 'customer_tweet_id': np.int64(1964313), 'spotify_reply_id': np.int64(1964311), 'similarity': 0.2770935451648496}, {'customer_message': '@SpotifyCares how do we put our podcast on Spotify??? Thanks', 'spotify_reply': '@649746 Hey, thanks for your interest! For more info on getting your podcast on Spotify, check out: https://t.co/D5baW5biel 🙂 /JT', 'customer_tweet_id': np.int64(2225754), 'spotify_reply_id': np.int64(2225753), 'similarity': 0.2680274034219511}]","We're afraid this isn't possible at the moment, but you can suggest it in our Community at https://community.spotify.com/ and get support from other users.",4,4,4,5,4,4,help was asked but reply was given to get support from other users
sample_id,text,intent,historical_evidence,generated_reply,correctness,groundedness,helpfulness,tone,hallucination_free,overall,human_reason
57,"@SpotifyCares i changed my Facebook profile picture back in may and although it has updated on your website, it has not on my app, both on laptop and phone","APP_TECHNICAL_ISSUE","[{customer_message: '@SpotifyCares i changed my email on facebook and it’s not updating on spotify', spotify_reply: 'Hey! We''ve just sent you a bit more info over DM. We''ll carry on helping out there', similarity: 0.2145}]","Hey! We'd be happy to help. Can you send us a DM with your account's email address?",4,4,4,5,5,4,"The reply gives a reasonable next step and is consistent with how similar Facebook/profile issues were handled."
67,"@115888 why can't you do this for metal, metal-core, hardcore, ect???? https://t.co/4HMjznIFNg","FEATURE_REQUEST","[{customer_message: '@115888 why do you do this', spotify_reply: 'To reduce the number of Suggested Tracks you get, try adding more artists into your playlists.', similarity: 0.4228}]","We appreciate your feedback! We're always working to improve the Spotify experience. If you have specific suggestions for new features or content, we recommend sharing them in our Community.",3,4,3,5,5,3,"It appropriately treats the message as feedback, but it does not specifically address the requested metal genres."
73,"@SpotifyCares Yep. All that I tried. Even uninstalled, restarted. Removed all data by hand. Installed again. The default settings was set to SD card, but all music ended on the internal storage.","GENERAL_OTHER","[{customer_message: '@SpotifyCares 36.1Gb free Spotify 8.4.24.871armV7 Android 6.0 When I set the storage to SD card, after the reboot it is again set to internal storage.', spotify_reply: 'Alright. Can you try reinstalling the app using the steps here?', similarity: 0.3299}]","Thanks for letting us know what you've tried. Can you tell us what Android and Spotify versions you're using? We'll see what we can suggest.",3,4,3,5,5,3,"The version question is supported by similar cases, but the customer already described extensive troubleshooting so the reply is somewhat generic."
75,"@115888 Hey! I can't sign in with my username and password with my TouchTunes @90737 new account. My Samsung mobile account needs updating, too! @125607 I CHANGED my name legally this year. Problems tonight as I am out TRYING to have a good time!","ACCOUNT_LOGIN_SECURITY","[{customer_message: '@SpotifyCares i can''t sign in', spotify_reply: 'We''ve sent a bit more info via DM. Let''s carry on chatting there', similarity: 0.2462}]","Hi there! We'd be happy to help you get back into your account. We've sent you a DM so we can get some more information.",3,4,3,5,5,3,"DM support is appropriate for the login problem, but the response does not acknowledge the other account and name-change issues."
80,"@115888 Where the hell are my buttons to access library and so on? #UIDisaster On th verge of switching if you don’t stop messing with the UI. https://t.co/NfDF1SH5pK","FEATURE_REQUEST","[{customer_message: '@115888 where the hell is Super Slimy?', spotify_reply: 'Fingers crossed we''ll be able to have it soon, but there''s info about Spotify content here', similarity: 0.2600}]","We understand that changes to the user interface can be frustrating. Could you please provide more details about what you're seeing and what device you're using? This will help us understand the issue better.",2,1,2,4,5,2,"The customer is complaining about missing UI/library buttons, while the retrieved evidence is about music availability and is not relevant."
87,"@115888 @SpotifyCares please fix your artist.spotify contact page.","GENERAL_OTHER","[{customer_message: '@178316 @SpotifyCares please fix? =)', spotify_reply: 'Hey there! We''d love to help. Can you let us know what''s happening exactly?', similarity: 0.4817}]","Hey there! We'd love to help. Can you let us know what's happening exactly?",3,5,3,5,5,3,"Asking for more details is reasonable and grounded, but the response is too generic for the specific artist contact-page problem."
90,"@115888 I'd like to get the premium version but here Is the case I don't have a credit card but I've enough fund in my Google play Store. Please I want find out if I can pay via Google play Store, BTC or iTunes gift card. Please waiting for your response. Thanks Gerd!!!","PAYMENT_BILLING","[{customer_message: '@SpotifyCares Hi, Please I don''t have a credit card and I''d like pay via my Google play Store.', spotify_reply: 'We''ve just sent you a DM. We''ll carry on helping out there', similarity: 0.4918}]","We've sent you a DM to help with your payment options.",3,4,3,4,5,3,"The DM route is safe and supported by similar cases, but the reply does not answer the specific payment-method questions."
105,"@SpotifyCares Not sure to be honest. No other issues with Spotify though at all.","APP_TECHNICAL_ISSUE","[{customer_message: '@SpotifyCares Not sure about that.', spotify_reply: 'Sorry to hear you feel that way. We do our best to have them!', similarity: 0.2341}]","Thanks for letting us know! To help us understand what's happening, could you tell us more about the issue you're experiencing?",1,2,1,4,5,1,"The customer explicitly says there are no other issues, but the reply asks them to explain an issue."
106,"That moment when you wonder if you should be tweeting to @SpotifyCares or @comcastcares because not a single song has played without interruption... 😩","FEATURE_REQUEST","[{customer_message: 'Great non answer, you should be a politician', spotify_reply: 'Are all your Daily Mixes not updating? If so, can you DM us...', similarity: 0.2033}]","Sorry to hear you're having trouble with interruptions. To help us understand what's happening, could you tell us a bit more about what you're experiencing? For example, are you streaming over Wi-Fi or mobile data?",2,2,2,4,5,2,"The reply recognizes a playback problem but the classifier and retrieved evidence are poorly aligned with the customer's actual issue."
107,"@SpotifyCares when is yelawolf new album available on @116130","MUSIC_CONTENT_AVAILABILITY","[{customer_message: '@116130 When is the new album available please?', spotify_reply: 'We’ll have it available to you as soon as it’s available to us.', similarity: 0.5030}]","Hi there! We'll have it available to you as soon as it's available to us.",5,5,4,5,5,4,"It directly answers the availability question and closely follows relevant historical Spotify evidence without inventing a release date."
109,"Wait so when can we listen to #Reputation on @115888 ?? @118062","MUSIC_CONTENT_AVAILABILITY","[{customer_message: 'why isn’t #Reputation on @115888 @118062 ??????', spotify_reply: 'Taylor Swift''s Reputation isn''t available to stream just yet – stay tuned.', similarity: 0.4720}]","We’ll have it available to you as soon as it’s available to us!",5,5,4,5,5,4,"The response directly addresses the album availability question and is well supported by similar historical cases."
110,"@SpotifyCares Listening to Spotify thru my web browser cuz I’m at work. It booted me out and won’t let me log back in. 😩","APP_TECHNICAL_ISSUE","[{customer_message: 'Why has my Spotify logged me out and won’t let me log back in?', spotify_reply: 'Can you DM us your account username or email address? We''ll take a look', similarity: 0.4505}]","Hey there! We can help. Could you please DM us your account's email address or username? We'll take a look.",5,5,4,5,5,4,"The reply is strongly supported by nearly identical login cases and gives an appropriate next step."
111,"@SpotifyCares Apparently there is no contact form anymore. How do i get my issues fixed!","GENERAL_OTHER","[{customer_message: '@115888 how do I get account support?', spotify_reply: 'We''ve just sent a DM your way. Let''s carry on chatting there', similarity: 0.2488}]","We're here to help! Please send us a DM with more details about the issues you're experiencing.",3,4,3,5,5,3,"Sending the customer to DM is grounded in the historical evidence, but the response does not directly address the missing contact-form concern."
114,"@SpotifyCares is there any Siri integration with Spotify?","GENERAL_OTHER","[{customer_message: 'Please add Siri integration to the app or I''m moving to @115948.', spotify_reply: 'We hear you. Rest assured, your feedback will be passed on to the right folks', similarity: 0.3787}]","We hear you! We'll pass your feedback on to the right team.",2,5,1,4,5,2,"The response treats the question as a feature request and fails to answer whether Siri integration exists."