sample_id,correctness,groundedness,helpfulness,tone,hallucination_free,overall,judge_reason
6,2.0,3.0,2.0,4.0,5.0,2.0,"The customer is asking a specific question about how a subscription change would be handled. The generated reply asks for account details, which is a generic response seen in the historical evidence for various issues. While asking for details isn't incorrect, it doesn't directly address the customer's question about the timing of the new subscription. The historical evidence shows similar requests for DMs but doesn't provide an example where this specific question was answered by asking for a DM. Therefore, it's not very helpful in directly answering the customer's query, and the correctness is low because it doesn't attempt to answer the core question."
10,5.0,5.0,5.0,5.0,5.0,5.0,"The reply directly addresses the customer's complaint about CarPlay bugs and offers a troubleshooting step that is consistent with historical Spotify support evidence. The tone is empathetic and professional, and it provides a clear next step for the customer."
12,3.0,2.0,3.0,4.0,4.0,3.0,"The reply correctly identifies the problem and expresses empathy. However, it lacks specific solutions or troubleshooting steps, which would make it more helpful. It asks for more information, which is a reasonable next step, but it's not directly supported by the provided historical evidence as a common first step for this specific issue. The tone is good, and it doesn't hallucinate any information."
13,3.0,5.0,3.0,5.0,5.0,3.0,"The reply correctly identifies the need for more information to address the customer's issue, which is a common practice in the historical evidence. The tone is appropriate. However, it's only moderately helpful as it doesn't offer any immediate troubleshooting or explanation for why this might happen, simply asking for DMs. While this is a necessary first step, it could be more comprehensive if possible."
23,5.0,5.0,4.0,5.0,5.0,4.0,"The reply directly addresses the customer's issue about the deleted song 'Gummo' by providing a common reason for content removal (licensing changes) and expressing hope for its return. This is fully supported by the historical evidence, specifically the first example provided. The tone is professional and empathetic. It's helpful in explaining the situation, though it doesn't offer an immediate solution, which is often the case with licensing issues."
24,3.0,5.0,4.0,5.0,5.0,4.0,"The reply correctly identifies the need for more information to address the technical issue. It is fully grounded in the historical evidence, which shows Spotify often asks for account details to investigate. The reply is helpful as it provides a clear next step for the customer. The tone is professional and concise. There are no hallucinations. While it doesn't solve the problem directly, it's a necessary first step given the information provided."
33,5.0,5.0,4.0,5.0,5.0,4.0,"The reply correctly identifies the customer's message as a feature request and responds appropriately by stating that the feedback will be passed on. This is directly supported by the historical evidence, particularly the first example. The tone is professional and empathetic. It's helpful in acknowledging the request, but could be slightly more specific if there were a way to track such requests, though the evidence doesn't suggest that."
36,5.0,5.0,4.0,5.0,5.0,4.0,"The reply correctly addresses the customer's issue by stating that previous Discover Weekly playlists cannot be restored, which is directly supported by the historical evidence. It also offers a helpful suggestion to save favorite tracks. The tone is empathetic and professional. It is fully grounded in the provided information and contains no hallucinations. It could be slightly more helpful by acknowledging the IFTTT applet issue, but the core answer is solid."
38,4.0,5.0,3.0,4.0,5.0,4.0,"The reply correctly identifies the customer's message as feedback and states it will be passed to developers, which is consistent with historical responses to feature requests. It is grounded in the provided evidence, particularly the second and third historical examples. However, it's only moderately helpful as it's a generic response without any specific next steps or acknowledgment of the specific feature request (sorting albums). The tone is professional and appropriate for customer support. There are no hallucinations."
40,2.0,3.0,2.0,4.0,5.0,2.0,"The customer message lists several titles and a hashtag, implying they are looking for content related to these. The predicted intent is GENERAL_OTHER, which is broad. The generated reply focuses solely on 'Stranger Things Mode' based on the historical evidence. While the information about Stranger Things Mode is correct, it's not clear if this is what the customer is asking about, as their message includes other titles like 'The Moonwalking Dead' and 'BoJack Horseman in the Mirror'. The reply is therefore only partially relevant to the customer's message, making it less helpful and only partially correct. It doesn't address the other elements of the customer's message at all."
41,5.0,5.0,5.0,4.0,5.0,5.0,"The generated reply directly addresses the customer's feature request by stating it's not possible and provides a clear next step to suggest it in the community, which is fully supported by the historical evidence. The tone is professional and helpful, though it could be slightly more empathetic given the '😝' in the customer's message."
57,4.0,4.0,4.0,5.0,5.0,4.0,"The reply correctly identifies the need for more information to address the customer's specific issue. It's grounded in the historical evidence where Spotify often asks for DMs or account details to resolve issues. The tone is professional and helpful. While it doesn't directly solve the problem, it provides a clear next step, which is appropriate given the nature of the technical issue. It's not a perfect 5 because it doesn't offer any immediate troubleshooting steps, but asking for a DM is a standard and often necessary first step for account-specific problems."
67,3.0,3.0,3.0,4.0,5.0,3.0,"The reply correctly identifies the message as a feature request and suggests using the Community, which is a common Spotify practice for such requests. However, it's generic and doesn't directly address the customer's specific genre request. The historical evidence doesn't provide a direct answer to this specific query, so the reply is a reasonable, albeit generic, response for a feature request."
73,2.0,3.0,2.0,4.0,5.0,2.0,"The customer explicitly states 'All that I tried. Even uninstalled, restarted. Removed all data by hand. Installed again.' The generated reply asks for information that is already implied to be irrelevant given the customer's extensive troubleshooting. While the question about Android and Spotify versions is grounded in historical evidence, it's not helpful in this specific context because the customer has already performed actions that would typically resolve version-related issues or indicate a deeper problem. The reply fails to acknowledge the customer's detailed efforts, making it seem like a generic response rather than one tailored to the provided information. It's not incorrect, but it's poorly targeted given the customer's message."
75,2.0,3.0,3.0,4.0,4.0,2.0,"The reply correctly identifies the login issue but fails to address the other critical points in the customer's message, such as the TouchTunes account, Samsung mobile account update, and legal name change. The historical evidence supports the idea of sending a DM for login issues, but the reply doesn't acknowledge the complexity of the customer's situation. The tone is good, but the overall helpfulness is limited due to the incomplete response."
80,2.0,1.0,2.0,4.0,3.0,2.0,"The reply attempts to address the customer's frustration but misinterprets the core issue. The customer is complaining about a UI change that has removed buttons, not a content availability issue. The predicted intent 'FEATURE_REQUEST' is also incorrect; it's a complaint about a UI change. The historical evidence is about content availability, which is not relevant to the customer's current problem. The reply asks for more details, which is a reasonable next step given the lack of specific information in the historical data, but it doesn't acknowledge the specific nature of the complaint (missing UI elements). It's not entirely incorrect, but it's poorly targeted because it doesn't directly address the 'where are my buttons' part of the complaint, instead focusing on 'changes to the user interface' generally. It's not grounded in the provided historical evidence as that evidence is irrelevant to a UI complaint. It's somewhat helpful by asking for more information, but it could be more specific by acknowledging the UI element issue. The tone is good. It's not hallucinating policies, but it's also not providing any specific solution or information relevant to UI changes."
87,3.0,5.0,3.0,5.0,5.0,3.0,"The generated reply is directly taken from a historical Spotify reply to a similar, but not identical, customer message. While it's a good general response for asking for more information, the customer's message is quite specific about 'artist.spotify contact page'. The reply doesn't acknowledge this specificity, making it less helpful than it could be. It's correct in that it's asking for more information, but it misses the opportunity to directly address the 'contact page' aspect. The tone is excellent, and it's fully grounded in the provided evidence without hallucination."
90,3.0,3.0,3.0,4.0,4.0,3.0,"The reply is partially correct as it addresses the payment options, but it doesn't directly answer the customer's specific questions about Google Play Store, BTC, or iTunes gift cards. It's somewhat grounded by the first historical evidence where a DM was sent for payment, but it doesn't confirm if those specific payment methods are supported. It's moderately helpful as it offers a next step (DM) but lacks specificity. The tone is good. It's mostly hallucination-free, as it doesn't invent policies, but it also doesn't confirm or deny the customer's proposed payment methods."
105,1.0,1.0,1.0,4.0,5.0,1.0,"The customer's message states 'No other issues with Spotify though at all.' The predicted intent is 'APP_TECHNICAL_ISSUE'. The generated reply asks for more information about an issue the customer explicitly states they are NOT having. This makes the reply completely incorrect and unhelpful. The tone is good, but the content is entirely misaligned with the customer's statement."
106,1.0,1.0,1.0,4.0,5.0,1.0,"The predicted intent is 'FEATURE_REQUEST', but the customer message clearly indicates a problem with music playback ('not a single song has played without interruption'). The generated reply correctly identifies a problem but does not align with the predicted intent. The historical evidence does not support the generated reply's approach, as it focuses on specific troubleshooting steps or asking for account details, not general questions about connection type. The reply is not helpful because it doesn't address the actual problem implied by the customer's message (interrupted playback) in a way that leads to a solution, nor does it align with the predicted intent. The tone is acceptable, and there are no hallucinations."
107,5.0,5.0,4.0,5.0,5.0,4.0,"The reply directly addresses the customer's question about album availability. It is fully grounded in the historical evidence, specifically the second example provided. The tone is professional and empathetic. While it doesn't provide a specific date, which is likely impossible, it gives a clear and honest answer. It could be slightly more helpful by perhaps linking to a page about how music becomes available on Spotify, but given the evidence, the current reply is strong."
109,5.0,5.0,3.0,4.0,5.0,4.0,"The reply directly addresses the customer's question about when 'Reputation' will be available, using a phrase identical to historical Spotify replies for similar inquiries. It is correct and grounded in the provided evidence. While it doesn't give a specific date, which might be impossible, it provides the standard Spotify response. The tone is professional and concise. It is moderately helpful as it answers the 'when' question with the available information, but could be more specific if that information were available."
110,4.0,5.0,4.0,5.0,5.0,4.0,"The generated reply correctly identifies the need for account information to address the login issue, which is consistent with historical Spotify support. It's grounded in the evidence, helpful by asking for necessary details, and maintains a professional tone. It could be slightly more specific about 'taking a look' but is otherwise good."
111,3.0,3.0,3.0,4.0,5.0,3.0,"The customer explicitly states 'Apparently there is no contact form anymore. How do i get my issues fixed!'. The generated reply asks the customer to DM them, which is a valid way to get support, but it doesn't directly address the customer's concern about the lack of a contact form. It's a generic response that doesn't fully acknowledge the customer's specific complaint. While asking for a DM is a next step, it doesn't explain *why* there's no contact form or offer an alternative that directly addresses the customer's stated problem. The historical evidence shows Spotify often directs users to DMs or external links for support, so the 'DM us' part is grounded, but the reply doesn't acknowledge the 'no contact form' part of the customer's message."
114,1.0,2.0,1.0,3.0,4.0,1.0,"The customer is asking a direct question about Siri integration. The generated reply completely avoids answering the question and instead treats it as feedback. While the phrase 'We hear you! We'll pass your feedback on to the right team' is present in the historical evidence, it's used in a context where the customer is *demanding* an integration, not *asking if one exists*. The reply is not helpful because it doesn't answer the customer's question at all. It's a generic response that doesn't fit the query."
118,4.0,5.0,3.0,4.0,5.0,4.0,"The reply is mostly correct and fully grounded in the historical evidence. It provides a link for more information, which is helpful, but it doesn't directly address the customer's specific query about 'The Suburbs' by @10789. The tone is professional and concise. It avoids any hallucinations."
123,3.0,3.0,2.0,4.0,5.0,2.0,"The reply acknowledges the customer's action but doesn't provide any further information or a link to where they voted, which would be more helpful. The historical evidence shows Spotify often provides a link to the idea. While it's not incorrect, it's not as helpful as it could be given the context of the customer's message about potentially switching to Apple Music."
129,3.0,3.0,3.0,4.0,5.0,3.0,"The reply correctly identifies the customer's issue (problems with the app on Windows 10 Phone) and expresses empathy. However, the customer's message implies they have already tried to communicate the issue ('I did. There's a plethora of users having problems... Check the comments.'). The reply asks for a DM with more details, which might be a repetitive step for the customer, making it less helpful than it could be. The historical evidence shows replies asking for DMs, but in contexts where the initial message was less specific about prior attempts to communicate. The tone is good, and there are no hallucinations."
130,4.0,5.0,4.0,5.0,5.0,4.0,"The reply correctly identifies the need for more information, which is a common and appropriate first step in customer support when the initial message is vague. It is fully grounded in the historical evidence, which shows Spotify often asks for more details when a customer says 'I need some help'. The tone is professional and empathetic. It's helpful in that it provides a clear next step, though it could be slightly more specific if it offered potential reasons for the connection issue, but given the limited information, asking for clarification is the best approach."
133,5.0,5.0,4.0,5.0,5.0,4.0,"The reply correctly identifies that more information is needed to address the customer's issue, which is consistent with the historical evidence where Spotify often asks for account details to investigate. It's helpful in that it provides a clear next step, but could be slightly more specific about what 'take a look' entails, though this is a minor point. The tone is professional and concise, and there are no hallucinations."
134,1.0,1.0,1.0,4.0,1.0,1.0,"The generated reply states 'We've just replied to your DM.' However, there is no evidence in the customer message or historical data that a DM has actually been sent by Spotify. The customer's message indicates they sent a message and are awaiting a response, not that they have received one. This makes the reply incorrect, ungrounded, unhelpful, and a hallucination."
147,5.0,5.0,4.0,5.0,5.0,4.0,"The reply correctly identifies the need for account details to investigate the login issue. It is fully grounded in the historical evidence, which shows Spotify support asking for email/username via DM for login problems. The tone is professional and helpful. It's slightly less helpful than a 5 because it doesn't explicitly state *why* they need the information (to look 'backstage' as in the historical example), but it's still a good first step."
151,2.0,1.0,2.0,4.0,1.0,2.0,"The reply assumes that the customer has a Family Premium plan, which is not explicitly stated in the customer's message. The customer only mentions 'family access to premium'. The reply also states 'While this can't be done directly online, we can help. Please DM us with your username and email address so we can look into this for you.' This action is not supported by the provided historical evidence. The historical evidence shows a similar request for changing an email address, where the support agent asks for a DM, but not for changing a family plan address. Therefore, the reply is largely ungrounded and makes an unsupported claim about being able to help with the address change via DM."
162,5.0,4.0,5.0,5.0,5.0,5.0,"The reply correctly identifies the customer's issue (buffering ads) and offers a clear next step (DM for account details). This is consistent with the historical evidence where Spotify asks for account details to investigate issues. The tone is professional and empathetic. While the exact phrasing isn't in the historical evidence, the action of asking for a DM is well-grounded."
206,2.0,5.0,3.0,5.0,5.0,3.0,"The reply is grounded in the historical evidence, as similar replies ask for the customer's email address to investigate. The tone is professional and concise. However, it's only partially correct and helpful because it doesn't directly address the customer's question about getting Hulu with a renewed student discount. It defers the answer to a private conversation without giving any initial guidance or context, which makes it less helpful than it could be. It doesn't make any false claims or invent information, so it scores well on hallucination_free."
213,4.0,5.0,4.0,5.0,5.0,4.0,"The generated reply is very similar to the historical evidence provided, especially the first two examples. It correctly asks for more information to address the customer's specific query about the '9 PESOS premium'. While it doesn't directly answer how to avail it, it sets up the next step for the customer to get a more personalized answer, which is a reasonable approach given the limited initial information. The tone is professional and helpful."
220,3.0,5.0,4.0,5.0,5.0,4.0,"The predicted intent 'FAMILY_STUDENT_PLANS' is not reflected in the generated reply, which is a minor omission. However, the reply correctly identifies the issue and provides a relevant next step, which is consistent with the historical evidence. The tone is professional and empathetic. The reply is fully grounded in the provided evidence and does not contain any hallucinations."
233,3.0,3.0,3.0,4.0,5.0,3.0,"The reply is partially correct as it acknowledges the customer's request for help. However, it doesn't directly address the core issue of finding the offer link. It's moderately helpful by asking for more information, which is a reasonable next step given the lack of specific details in the customer's message. The tone is good. It's grounded in the sense that it's a common support interaction to ask for more details, but it doesn't directly use any of the provided historical evidence to formulate the response. There are no hallucinations."
